Article #,Sentence #,Word,POS
1,1,prior,RB
1,1,to,TO
1,1,april,NN
1,1,2014,CD
1,1,salary,NN
1,1,range,NN
1,1,for,IN
1,1,employee,NN
1,1,consist,NN
1,1,of,IN
1,1,five,CD
1,1,step,NN
1,1,each,DT
1,1,separated,VB
1,1,by,IN
1,1,approximately,RB
1,1,five,CD
1,1,and,CC
1,1,one-half,CD
1,1,percent,NN
1,1,5.5,CD
1,1,%,%
1,1,illustrated,VB
1,1,in,IN
1,1,range,NN
1,1,table,NN
1,1,of,IN
1,1,this,DT
1,1,mou,NN
1,2,effective,JJ
1,2,april,NN
1,2,2014,CD
1,2,salary,NN
1,2,range,NN
1,2,shall,MD
1,2,consist,VB
1,2,of,IN
1,2,fifteen,CD
1,2,step,NN
1,2,each,DT
1,2,separated,VB
1,2,by,IN
1,2,approximately,RB
1,2,two,CD
1,2,and,CC
1,2,three-quarter,CD
1,2,percent,NN
1,2,2.75,CD
1,2,%,%
1,2,illustrated,VB
1,2,in,IN
1,2,range,NN
1,2,table,NN
1,2,of,IN
1,2,this,DT
1,2,mou,NN
1,3,the,DT
1,3,following,JJ
1,3,salary,NN
1,3,step,NN
1,3,movement,NN
1,3,will,MD
1,3,apply,VB
1,3,during,IN
1,3,the,DT
1,3,term,NN
1,3,of,IN
1,3,this,DT
1,3,mou,NN
1,4,employees,NN
1,4,who,WP
1,4,are,VB
1,4,not,RB
1,4,on,IN
1,4,the,DT
1,4,top,JJ
1,4,step,NN
1,4,of,IN
1,4,salary,NN
1,4,range,NN
1,4,of,IN
1,4,april,NN
1,4,2014,CD
1,4,one,CD
1,4,step,NN
1,4,advancement,NN
1,4,on,IN
1,4,april,NN
1,4,20,CD
1,4,2014,CD
1,4,beginning,NN
1,4,of,IN
1,4,pay,NN
1,4,period,NN
1,4,22,CD
1,4,in,IN
1,4,fy2013-14,NN
1,4,one,CD
1,4,step,NN
1,4,advancement,NN
1,4,on,IN
1,4,july,NN
1,4,13,CD
1,4,2014,CD
1,4,beginning,NN
1,4,of,IN
1,4,pay,NN
1,4,period,NN
1,4,in,IN
1,4,fy2014-15,NN
1,4,one,CD
1,4,step,NN
1,4,advancement,NN
1,4,on,IN
1,4,july,NN
1,4,12,CD
1,4,2015,CD
1,4,beginning,NN
1,4,of,IN
1,4,pay,NN
1,4,period,NN
1,4,in,IN
1,4,fy2015-16,NN
1,4,employees,NN
1,4,who,WP
1,4,are,VB
1,4,on,IN
1,4,the,DT
1,4,top,JJ
1,4,step,NN
1,4,of,IN
1,4,salary,NN
1,4,range,NN
1,4,of,IN
1,4,june,NN
1,4,28,CD
1,4,2014,CD
1,4,one,CD
1,4,step,NN
1,4,advancement,NN
1,4,on,IN
1,4,july,NN
1,4,13,CD
1,4,2014,CD
1,4,beginning,NN
1,4,of,IN
1,4,pay,NN
1,4,period,NN
1,4,in,IN
1,4,fy2014-15,NN
1,4,one,CD
1,4,step,NN
1,4,advancement,NN
1,4,on,IN
1,4,january,NN
1,4,11,CD
1,4,2015,CD
1,4,beginning,NN
1,4,of,IN
1,4,pay,NN
1,4,period,NN
1,4,15,CD
1,4,in,IN
1,4,fy2014-15,NN
1,4,one,CD
1,4,step,NN
1,4,advancement,NN
1,4,on,IN
1,4,july,NN
1,4,12,CD
1,4,2015,CD
1,4,beginning,NN
1,4,of,IN
1,4,pay,NN
1,4,period,NN
1,4,in,IN
1,4,fy2015-16,NN
1,4,classifications,NN
1,4,for,IN
1,4,which,WDT
1,4,compensation,NN
1,4,is,VB
1,4,set,VB
1,4,at,IN
1,4,fixed,JJ
1,4,amount,NN
1,4,flat,JJ
1,4,rated,VB
1,4,shall,MD
1,4,receive,VB
1,4,equivalent,JJ
1,4,salary,NN
1,4,adjustment,NN
1,4,at,IN
1,4,the,DT
1,4,time,NN
1,4,specified,VB
1,4,above,IN
1,4,for,IN
1,4,employee,NN
1,4,on,IN
1,4,the,DT
1,4,top,JJ
1,4,step,NN
1,4,of,IN
1,4,salary,NN
1,4,range,NN
1,4,of,IN
1,4,june,NN
1,4,29,CD
1,4,2014,CD
1,4,unless,IN
1,4,negotiated,VB
1,4,otherwise,RB
1,4,or,CC
1,4,in,IN
1,4,accordance,NN
1,4,with,IN
1,4,provision,NN
1,4,of,IN
1,4,the,DT
1,4,laac,NN
1,5,anniversary,JJ
1,5,date,NN
1,5,for,IN
1,5,all,DT
1,5,bargaining,NN
1,5,unit,NN
1,5,member,NN
1,5,shall,MD
1,5,be,VB
1,5,frozen,VB
1,5,on,IN
1,5,april,NN
1,5,2014,CD
1,5,and,CC
1,5,shall,MD
1,5,be,VB
1,5,unfrozen,JJ
1,5,on,IN
1,5,july,NN
1,5,13,CD
1,5,2015,CD
1,6,effective,JJ
1,6,december,NN
1,6,13,CD
1,6,2015,CD
1,6,through,IN
1,6,june,NN
1,6,25,CD
1,6,2016,CD
1,6,each,DT
1,6,bargaining,NN
1,6,unit,NN
1,6,member,NN
1,6,shall,MD
1,6,receive,VB
1,6,on,IN
1,6,biweekly,JJ
1,6,basis,NN
1,6,1.5,CD
1,6,%,%
1,6,add,NN
1,6,to,TO
1,6,pay,VB
1,6,bonus,NN
1,6,of,IN
1,6,his,PRP$
1,6,or,CC
1,6,her,PRP$
1,6,base,NN
1,6,hourly,JJ
1,6,rate,NN
1,7,this,DT
1,7,bonus,NN
1,7,is,VB
1,7,non-pensionable,JJ
1,7,and,CC
1,7,does,VB
1,7,not,RB
1,7,affect,JJ
1,7,unit,NN
1,7,member,NN
1,7,permanent,JJ
1,7,rate,NN
1,8,effective,JJ
1,8,june,NN
1,8,26,CD
1,8,2016,CD
1,8,the,DT
1,8,following,VB
1,8,action,NN
1,8,shall,MD
1,8,be,VB
1,8,implemented,VB
1,8,in,IN
1,8,the,DT
1,8,order,NN
1,8,enumerated,VB
1,8,the,DT
1,8,1.5,CD
1,8,%,%
1,8,add,NN
1,8,to,TO
1,8,pay,VB
1,8,bonus,NN
1,8,described,VB
1,8,immediately,RB
1,8,above,IN
1,8,shall,MD
1,8,be,VB
1,8,eliminated,VB
1,9,base,NN
1,9,hourly,JJ
1,9,wage,NN
1,9,for,IN
1,9,all,DT
1,9,unit,NN
1,9,employee,NN
1,9,shall,MD
1,9,be,VB
1,9,increased,VB
1,9,by,IN
1,9,1.5,CD
1,9,%,%
1,9,base,NN
1,9,hourly,JJ
1,9,wage,NN
1,9,for,IN
1,9,all,DT
1,9,unit,NN
1,9,employee,NN
1,9,shall,MD
1,9,be,VB
1,9,increased,VB
1,9,by,IN
1,9,2.25,CD
1,9,%,%
1,9,effective,JJ
1,9,june,NN
1,9,25,CD
1,9,2017,CD
1,9,base,NN
1,9,hourly,JJ
1,9,wage,NN
1,9,for,IN
1,9,all,DT
1,9,unit,NN
1,9,employee,NN
1,9,shall,MD
1,9,be,VB
1,9,increased,VB
1,9,by,IN
1,9,2.25,CD
1,9,%,%
1,9,effective,JJ
1,9,june,NN
1,9,24,CD
1,9,2018,CD
1,9,base,NN
1,9,hourly,JJ
1,9,wage,NN
1,9,for,IN
1,9,all,DT
1,9,unit,NN
1,9,employee,NN
1,9,shall,MD
1,9,be,VB
1,9,increased,VB
1,9,by,IN
1,9,2.25,CD
1,9,%,%
1,9,from,IN
1,9,june,NN
1,9,24,CD
1,9,2018,CD
1,9,through,IN
1,9,june,NN
1,9,22,CD
1,9,2019,CD
1,9,if,IN
1,9,the,DT
1,9,city,NN
1,9,authorizes,VB
1,9,base,NN
1,9,wage,NN
1,9,compensation,NN
1,9,increase,NN
1,9,for,IN
1,9,all,DT
1,9,classification,NN
1,9,represented,VB
1,9,in,IN
1,9,any,DT
1,9,single,JJ
1,9,civilian,JJ
1,9,bargaining,NN
1,9,unit's,POS
1,9,exclusive,JJ
1,9,of,IN
1,9,all,DT
1,9,represented,VB
1,9,classification,NN
1,9,employed,VB
1,9,by,IN
1,9,the,DT
1,9,department,NN
1,9,of,IN
1,9,water,NN
1,9,and,CC
1,9,power,NN
1,9,all,DT
1,9,elected,VB
1,9,official,NN
1,9,or,CC
1,9,classification,NN
1,9,whose,WP
1,9,salary,NN
1,9,are,VB
1,9,set,VB
1,9,by,IN
1,9,charter,NN
1,9,and,CC
1,9,all,DT
1,9,non-represented,JJ
1,9,classifications—then,NN
1,9,the,DT
1,9,same,JJ
1,9,base,NN
1,9,wage,NN
1,9,compensation,NN
1,9,increase,NN
1,9,shall,MD
1,9,be,VB
1,9,made,VB
1,9,to,TO
1,9,classification,NN
1,9,represented,VB
1,9,in,IN
1,9,this,DT
1,9,mou,NN
1,9,effective,JJ
1,9,on,IN
1,9,the,DT
1,9,same,JJ
1,9,day,NN
1,10,if,IN
1,10,base,NN
1,10,wage,NN
1,10,compensation,NN
1,10,increase,NN
1,10,are,VB
1,10,authorized,VB
1,10,for,IN
1,10,multiple,JJ
1,10,bargaining,NN
1,10,unit,NN
1,10,the,DT
1,10,highest,JJ
1,10,increase,NN
1,10,shall,MD
1,10,be,VB
1,10,administered,VB
1,10,to,TO
1,10,classification,NN
1,10,represented,VB
1,10,in,IN
1,10,this,DT
1,10,mou,NN
1,11,increases,NN
1,11,for,IN
1,11,only,RB
1,11,one,CD
1,11,bargaining,NN
1,11,unit,NN
1,11,shall,MD
1,11,be,VB
1,11,applied,VB
1,11,to,TO
1,11,classification,NN
1,11,represented,VB
1,11,in,IN
1,11,this,DT
1,11,mou,NN
1,12,this,DT
1,12,article,NN
1,12,shall,MD
1,12,expire,VB
1,12,at,IN
1,12,the,DT
1,12,close,NN
1,12,of,IN
1,12,business,NN
1,12,on,IN
1,12,june,NN
1,12,22,CD
1,12,2019,CD
1,12,and,CC
1,12,shall,MD
1,12,not,RB
1,12,continue,VB
1,12,unless,IN
1,12,mutually,RB
1,12,agreed,VB
1,12,to,TO
1,12,in,IN
1,12,successor,NN
1,12,mou,NN
2,1,section,NN
2,1,distribution,NN
2,1,of,IN
2,1,overtime,JJ
2,1,management,NN
2,1,will,MD
2,1,attempt,VB
2,1,to,TO
2,1,assign,VB
2,1,overtime,JJ
2,1,work,NN
2,1,equitably,RB
2,1,possible,JJ
2,1,among,IN
2,1,all,DT
2,1,qualified,VB
2,1,employee,NN
2,1,in,IN
2,1,the,DT
2,1,same,JJ
2,1,classification,NN
2,1,in,IN
2,1,the,DT
2,1,same,JJ
2,1,organizational,JJ
2,1,unit,NN
2,1,and,CC
2,1,work,NN
2,1,location,NN
2,2,however,RB
2,2,management,NN
2,2,may,MD
2,2,consider,VB
2,2,special,JJ
2,2,skill,NN
2,2,required,VB
2,2,to,TO
2,2,perform,VB
2,2,particular,JJ
2,2,work,NN
2,3,no,DT
2,3,employee,NN
2,3,shall,MD
2,3,work,VB
2,3,overtime,NN
2,3,without,IN
2,3,prior,JJ
2,3,approval,NN
2,3,from,IN
2,3,his,PRP$
2,3,or,CC
2,3,her,PRP$
2,3,supervisor,NN
2,4,flsa,NN
2,4,non-exempt,JJ
2,4,employee,NN
2,4,may,MD
2,4,not,RB
2,4,work,VB
2,4,outside,IN
2,4,of,IN
2,4,scheduled,JJ
2,4,working,VB
2,4,hour,NN
2,4,or,CC
2,4,during,IN
2,4,unpaid,JJ
2,4,meal,NN
2,4,period,NN
2,4,without,IN
2,4,the,DT
2,4,prior,JJ
2,4,approval,NN
2,4,of,IN
2,4,supervisor,NN
2,4,consistent,JJ
2,4,with,IN
2,4,department,NN
2,4,policy,NN
2,5,failure,NN
2,5,to,TO
2,5,secure,VB
2,5,prior,JJ
2,5,approval,NN
2,5,may,MD
2,5,result,VB
2,5,in,IN
2,5,discipline,NN
2,6,working,VB
2,6,and,CC
2,6,not,RB
2,6,recording,VB
2,6,the,DT
2,6,time,NN
2,6,is,VB
2,6,similarly,RB
2,6,prohibited,VB
2,7,section,NN
2,7,ii,NN
2,7,non-emergency,JJ
2,7,overtime,NN
2,7,whenever,WRB
2,7,management,NN
2,7,deems,VB
2,7,it,PRP
2,7,necessary,JJ
2,7,to,TO
2,7,perform,VB
2,7,non-emergency,JJ
2,7,work,NN
2,7,on,IN
2,7,an,DT
2,7,overtime,JJ
2,7,basis,NN
2,7,employee,NN
2,7,required,VB
2,7,to,TO
2,7,work,VB
2,7,will,MD
2,7,be,VB
2,7,given,VB
2,7,at,IN
2,7,least,JJ
2,7,48,CD
2,7,hour,NN
2,7,notice,NN
2,8,section,NN
2,8,iii,NN
2,8,rate,NN
2,8,and,CC
2,8,method,NN
2,8,of,IN
2,8,compensation,NN
2,8,flsa,NN
2,8,non-exempt,JJ
2,8,employees,NN
2,8,compensation,NN
2,8,for,IN
2,8,overtime,NN
2,8,worked,VB
2,8,by,IN
2,8,employee,NN
2,8,in,IN
2,8,classification,NN
2,8,listed,VB
2,8,in,IN
2,8,appendix,NN
2,8,herein,NN
2,8,shall,MD
2,8,be,VB
2,8,for,IN
2,8,all,DT
2,8,hour,NN
2,8,worked,VB
2,8,in,IN
2,8,excess,NN
2,8,of,IN
2,8,40,CD
2,8,hour,NN
2,8,in,IN
2,8,workweek,NN
2,9,management,NN
2,9,shall,MD
2,9,have,VB
2,9,the,DT
2,9,discretion,NN
2,9,to,TO
2,9,determine,VB
2,9,whether,IN
2,9,overtime,JJ
2,9,compensation,NN
2,9,shall,MD
2,9,be,VB
2,9,in,IN
2,9,cash,NN
2,9,or,CC
2,9,time-off,NN
2,10,overtime,JJ
2,10,compensation,NN
2,10,shall,MD
2,10,be,VB
2,10,in,IN
2,10,time,NN
2,10,off,RP
2,10,at,IN
2,10,the,DT
2,10,rate,NN
2,10,of,IN
2,10,one,CD
2,10,and,CC
2,10,one-half,CD
2,10,1½,CD
2,10,hour,NN
2,10,for,IN
2,10,each,DT
2,10,hour,NN
2,10,of,IN
2,10,overtime,NN
2,10,worked,VB
2,10,or,CC
2,10,at,IN
2,10,the,DT
2,10,rate,NN
2,10,of,IN
2,10,one,CD
2,10,and,CC
2,10,one-half,CD
2,10,1½,CD
2,10,time,NN
2,10,the,DT
2,10,employee,NN
2,10,'s,POS
2,10,regular,JJ
2,10,rate,NN
2,10,of,IN
2,10,pay,NN
2,11,section,NN
2,11,iv,NN
2,11,compensated,VB
2,11,time,NN
2,11,off,IN
2,11,employees,NN
2,11,may,MD
2,11,subject,VB
2,11,to,TO
2,11,management,NN
2,11,discretion,NN
2,11,be,VB
2,11,permitted,VB
2,11,to,TO
2,11,accumulate,VB
2,11,up,RP
2,11,to,TO
2,11,80,CD
2,11,hour,NN
2,11,of,IN
2,11,compensatory,JJ
2,11,time,NN
2,11,off,RP
2,11,cto,NN
2,11,occasionally,RB
2,11,employee,NN
2,11,may,MD
2,11,accumulate,VB
2,11,cto,NN
2,11,in,IN
2,11,excess,NN
2,11,of,IN
2,11,80,CD
2,11,hour,NN
2,11,for,IN
2,11,temporary,JJ
2,11,period,NN
2,11,of,IN
2,11,time,NN
2,11,not,RB
2,11,to,TO
2,11,exceed,VB
2,11,an,DT
2,11,additional,JJ
2,11,fiscal,JJ
2,11,year,NN
2,12,if,IN
2,12,an,DT
2,12,employee,NN
2,12,does,VB
2,12,not,RB
2,12,schedule,NN
2,12,and,CC
2,12,take,VB
2,12,cto,NN
2,12,over,IN
2,12,80,CD
2,12,hour,NN
2,12,prior,RB
2,12,to,TO
2,12,the,DT
2,12,end,NN
2,12,of,IN
2,12,the,DT
2,12,fiscal,JJ
2,12,year,NN
2,12,management,NN
2,12,may,MD
2,12,require,VB
2,12,employee,NN
2,12,to,TO
2,12,use,VB
2,12,cto,NN
2,12,prior,RB
2,12,to,TO
2,12,the,DT
2,12,end,NN
2,12,of,IN
2,12,the,DT
2,12,fiscal,JJ
2,12,year,NN
2,12,require,VB
2,12,employee,NN
2,12,to,TO
2,12,use,VB
2,12,such,JJ
2,12,time,NN
2,12,in,IN
2,12,lieu,NN
2,12,of,IN
2,12,vacation,NN
2,12,unless,IN
2,12,the,DT
2,12,mandatory,JJ
2,12,use,NN
2,12,of,IN
2,12,cto,NN
2,12,would,MD
2,12,result,VB
2,12,in,IN
2,12,the,DT
2,12,loss,NN
2,12,of,IN
2,12,vacation,NN
2,12,accumulation,NN
2,12,or,CC
2,12,other,JJ
2,12,leave,VB
2,12,time,NN
2,12,or,CC
2,12,authorize,VB
2,12,cash,NN
2,12,payment,NN
2,13,in,IN
2,13,the,DT
2,13,event,NN
2,13,sufficient,JJ
2,13,fund,NN
2,13,are,VB
2,13,not,RB
2,13,available,JJ
2,13,to,TO
2,13,provide,VB
2,13,cash,NN
2,13,compensation,NN
2,13,for,IN
2,13,all,DT
2,13,or,CC
2,13,portion,NN
2,13,of,IN
2,13,the,DT
2,13,cto,NN
2,13,hour,NN
2,13,in,IN
2,13,excess,NN
2,13,of,IN
2,13,80,CD
2,13,management,NN
2,13,may,MD
2,13,extend,VB
2,13,the,DT
2,13,time,NN
2,13,limit,NN
2,13,for,IN
2,13,period,NN
2,13,not,RB
2,13,to,TO
2,13,exceed,VB
2,13,one,CD
2,13,additional,JJ
2,13,fiscal,JJ
2,13,year,NN
2,14,in,IN
2,14,accordance,NN
2,14,with,IN
2,14,flsa,NN
2,14,no,DT
2,14,employee,NN
2,14,shall,MD
2,14,lose,VB
2,14,cto,NN
2,15,an,DT
2,15,employee,NN
2,15,who,WP
2,15,has,VB
2,15,requested,VB
2,15,the,DT
2,15,use,NN
2,15,of,IN
2,15,cto,NN
2,15,must,MD
2,15,be,VB
2,15,permitted,VB
2,15,by,IN
2,15,management,NN
2,15,to,TO
2,15,use,VB
2,15,such,JJ
2,15,time,NN
2,15,within,IN
2,15,reasonable,JJ
2,15,time,NN
2,15,period,NN
2,15,after,IN
2,15,making,VB
2,15,the,DT
2,15,request,NN
2,15,unless,IN
2,15,the,DT
2,15,use,NN
2,15,of,IN
2,15,the,DT
2,15,cto,NN
2,15,within,IN
2,15,reasonable,JJ
2,15,period,NN
2,15,would,MD
2,15,unduly,RB
2,15,disrupt,VB
2,15,the,DT
2,15,operation,NN
2,15,of,IN
2,15,the,DT
2,15,city,NN
2,15,department,NN
2,16,this,DT
2,16,standard,JJ
2,16,does,VB
2,16,not,RB
2,16,apply,VB
2,16,to,TO
2,16,non-flsa,JJ
2,16,overtime,NN
2,16,i.e.,NN
2,16,overtime,NN
2,16,earned,VB
2,16,pursuant,NN
2,16,to,TO
2,16,this,DT
2,16,agreement,NN
2,16,that,WDT
2,16,does,VB
2,16,not,RB
2,16,meet,VB
2,16,the,DT
2,16,flsa,NN
2,16,definition,NN
2,16,of,IN
2,16,overtime,NN
2,16,under,IN
2,16,no,DT
2,16,circumstance,NN
2,16,shall,MD
2,16,compensated,VB
2,16,time,NN
2,16,off,RP
2,16,in,IN
2,16,excess,NN
2,16,of,IN
2,16,240,CD
2,16,hour,NN
2,16,be,VB
2,16,accumulated,VB
3,1,notwithstanding,VB
3,1,the,DT
3,1,provision,NN
3,1,of,IN
3,1,note,NN
3,1,of,IN
3,1,schedule,NN
3,1,of,IN
3,1,laac,NN
3,1,section,NN
3,1,4.61,CD
3,1,any,DT
3,1,employee,NN
3,1,when,WRB
3,1,required,VB
3,1,to,TO
3,1,work,VB
3,1,fifty,CD
3,1,percent,NN
3,1,50,CD
3,1,%,%
3,1,or,CC
3,1,more,JJ
3,1,of,IN
3,1,his/her,PRP$
3,1,time,NN
3,1,during,IN
3,1,his/her,PRP$
3,1,regular,JJ
3,1,shift,NN
3,1,on,IN
3,1,any,DT
3,1,one,CD
3,1,day,NN
3,1,between,IN
3,1,the,DT
3,1,hour,NN
3,1,of,IN
3,1,5:00,CD
3,1,p.m.,NN
3,1,and,CC
3,1,8:00,CD
3,1,a.m.,NN
3,1,shall,MD
3,1,receive,VB
3,1,for,IN
3,1,each,DT
3,1,such,JJ
3,1,day,NN
3,1,worked,VB
3,1,non-pensionable,JJ
3,1,add,NN
3,1,to,TO
3,1,pay,VB
3,1,bonus,NN
3,1,of,IN
3,1,5.5,CD
3,1,%,%
3,1,calculated,VB
3,1,on,IN
3,1,the,DT
3,1,employee,NN
3,1,hourly,JJ
3,1,base,NN
3,1,rate,NN
3,1,or,CC
3,1,when,WRB
3,1,regularly,RB
3,1,assigned,VB
3,1,pensionable,JJ
3,1,add,NN
3,1,to,TO
3,1,rate,NN
3,1,bonus,NN
3,1,of,IN
3,1,5.5,CD
3,1,%,%
3,1,calculated,VB
3,1,on,IN
3,1,the,DT
3,1,employee,NN
3,1,hourly,JJ
3,1,base,NN
3,1,rate,NN
3,2,the,DT
3,2,procedure,NN
3,2,for,IN
3,2,the,DT
3,2,payment,NN
3,2,of,IN
3,2,adjusted,JJ
3,2,compensation,NN
3,2,for,IN
3,2,work,NN
3,2,performed,VB
3,2,under,IN
3,2,the,DT
3,2,provision,NN
3,2,of,IN
3,2,this,DT
3,2,article,NN
3,2,shall,MD
3,2,be,VB
3,2,in,IN
3,2,accordance,NN
3,2,with,IN
3,2,laac,NN
3,2,sections,NN
3,2,4.72,CD
3,2,4.74,CD
3,2,and,CC
3,2,4.75,CD
4,1,whenever,WRB
4,1,an,DT
4,1,appointing,VB
4,1,authority,NN
4,1,determines,VB
4,1,that,IN
4,1,it,PRP
4,1,is,VB
4,1,necessary,JJ
4,1,or,CC
4,1,desirable,JJ
4,1,that,IN
4,1,position,NN
4,1,be,VB
4,1,filled,VB
4,1,by,IN
4,1,person,NN
4,1,able,JJ
4,1,to,TO
4,1,converse,VB
4,1,fluently,RB
4,1,in,IN
4,1,language,NN
4,1,other,JJ
4,1,than,IN
4,1,english,NN
4,1,or,CC
4,1,write,VB
4,1,and,CC
4,1,interpret,JJ
4,1,language,NN
4,1,other,JJ
4,1,than,IN
4,1,english,NN
4,1,the,DT
4,1,appointing,VB
4,1,authority,NN
4,1,shall,MD
4,1,transmit,VB
4,1,to,TO
4,1,the,DT
4,1,controller,NN
4,1,written,VB
4,1,authorization,NN
4,1,approving,VB
4,1,payment,NN
4,1,of,IN
4,1,bilingual,JJ
4,1,premium,NN
4,1,provided,VB
4,1,by,IN
4,1,this,DT
4,1,article,NN
4,1,to,TO
4,1,the,DT
4,1,person,NN
4,1,occupying,VB
4,1,such,JJ
4,1,position,NN
4,1,and,CC
4,1,possessing,NN
4,1,such,JJ
4,1,bilingual,JJ
4,1,skill,NN
4,2,after,IN
4,2,authorizing,VB
4,2,payment,NN
4,2,of,IN
4,2,bilingual,JJ
4,2,premium,NN
4,2,the,DT
4,2,appointing,VB
4,2,authority,NN
4,2,shall,MD
4,2,certify,VB
4,2,to,TO
4,2,the,DT
4,2,controller,NN
4,2,the,DT
4,2,name,NN
4,2,of,IN
4,2,an,DT
4,2,employee,NN
4,2,eligible,JJ
4,2,for,IN
4,2,bilingual,JJ
4,2,premium,NN
4,2,and,CC
4,2,the,DT
4,2,personnel,NN
4,2,department,NN
4,2,shall,MD
4,2,certify,VB
4,2,to,TO
4,2,the,DT
4,2,controller,NN
4,2,that,IN
4,2,the,DT
4,2,employee,NN
4,2,has,VB
4,2,qualified,VB
4,2,under,IN
4,2,it,PRP
4,2,standard,NN
4,2,of,IN
4,2,fluency,NN
4,2,and,CC
4,2,proficiency,NN
4,2,for,IN
4,2,said,VB
4,2,language,NN
4,3,persons,NN
4,3,certified,VB
4,3,being,VB
4,3,qualified,VB
4,3,by,IN
4,3,the,DT
4,3,personnel,NN
4,3,department,NN
4,3,shall,MD
4,3,receive,VB
4,3,bilingual,JJ
4,3,bonus,NN
4,3,of,IN
4,3,$,$
4,3,25,CD
4,3,per,IN
4,3,biweekly,JJ
4,3,pay,NN
4,3,period,NN
4,3,for,IN
4,3,duty,NN
4,3,requiring,VB
4,3,conversing,VB
4,3,fluently,RB
4,3,in,IN
4,3,language,NN
4,3,other,JJ
4,3,than,IN
4,3,english,NN
4,3,or,CC
4,3,$,$
4,3,50,CD
4,3,per,IN
4,3,biweekly,JJ
4,3,pay,NN
4,3,period,NN
4,3,for,IN
4,3,duty,NN
4,3,requiring,VB
4,3,conversing,VB
4,3,fluently,RB
4,3,and,CC
4,3,interpreting,JJ
4,3,language,NN
4,3,other,JJ
4,3,than,IN
4,3,english,NN
4,4,for,IN
4,4,newly,RB
4,4,hired,VB
4,4,employee,NN
4,4,or,CC
4,4,employee,NN
4,4,newly,RB
4,4,appointed,VB
4,4,to,TO
4,4,bilingual,JJ
4,4,position,NN
4,4,the,DT
4,4,premium,JJ
4,4,shall,MD
4,4,be,VB
4,4,paid,VB
4,4,at,IN
4,4,the,DT
4,4,beginning,NN
4,4,of,IN
4,4,the,DT
4,4,first,JJ
4,4,full,JJ
4,4,biweekly,JJ
4,4,pay,NN
4,4,period,NN
4,4,once,IN
4,4,the,DT
4,4,employee,NN
4,4,has,VB
4,4,been,VB
4,4,certified,VB
4,4,by,IN
4,4,the,DT
4,4,personnel,NN
4,4,department,NN
5,1,any,DT
5,1,qualified,JJ
5,1,unit,NN
5,1,employee,NN
5,1,who,WP
5,1,is,VB
5,1,requested,VB
5,1,by,IN
5,1,the,DT
5,1,hearing,NN
5,1,impaired,JJ
5,1,assistance,NN
5,1,center,NN
5,1,to,TO
5,1,utilize,VB
5,1,sign,JJ
5,1,language,NN
5,1,shall,MD
5,1,receive,VB
5,1,compensation,NN
5,1,equal,JJ
5,1,to,TO
5,1,two,CD
5,1,and,CC
5,1,three-quarter,CD
5,1,percent,NN
5,1,2.75,CD
5,1,%,%
5,1,of,IN
5,1,their,PRP$
5,1,salary,NN
5,1,or,CC
5,1,wage,NN
5,1,for,IN
5,1,each,DT
5,1,business,NN
5,1,day,NN
5,1,the,DT
5,1,skill,NN
5,1,is,VB
5,1,utilized,JJ
5,2,such,JJ
5,2,practice,NN
5,2,of,IN
5,2,additional,JJ
5,2,compensation,NN
5,2,shall,MD
5,2,be,VB
5,2,in,IN
5,2,accordance,NN
5,2,with,IN
5,2,laac,NN
5,2,section,NN
5,2,4.84.1,CD
6,1,section,NN
6,1,the,DT
6,1,following,JJ
6,1,court,NN
6,1,provision,NN
6,1,will,MD
6,1,apply,VB
6,1,to,TO
6,1,all,DT
6,1,employee,NN
6,1,in,IN
6,1,the,DT
6,1,unit,NN
6,1,except,IN
6,1,those,DT
6,1,in,IN
6,1,the,DT
6,1,police,NN
6,1,department,NN
6,2,when,WRB
6,2,an,DT
6,2,employee,NN
6,2,is,VB
6,2,required,VB
6,2,to,TO
6,2,appear,VB
6,2,in,IN
6,2,court,NN
6,2,in,IN
6,2,and,CC
6,2,for,IN
6,2,the,DT
6,2,county,NN
6,2,of,IN
6,2,los,NN
6,2,angeles,NN
6,2,outside,IN
6,2,of,IN
6,2,his/her,PRP$
6,2,normal,JJ
6,2,duty,NN
6,2,hour,NN
6,2,but,CC
6,2,on,IN
6,2,matter,NN
6,2,arising,VB
6,2,within,IN
6,2,the,DT
6,2,scope,NN
6,2,of,IN
6,2,his/her,PRP$
6,2,employment,NN
6,2,said,VB
6,2,employee,NN
6,2,shall,MD
6,2,be,VB
6,2,entitled,VB
6,2,to,TO
6,2,receive,VB
6,2,minimum,NN
6,2,of,IN
6,2,one,CD
6,2,hour,NN
6,2,at,IN
6,2,one,CD
6,2,and,CC
6,2,one-half,CD
6,2,1½,CD
6,2,time,NN
6,2,his/her,PRP$
6,2,regular,JJ
6,2,rate,NN
6,2,of,IN
6,2,pay,NN
6,3,time,NN
6,3,spent,VB
6,3,in,IN
6,3,excess,NN
6,3,of,IN
6,3,the,DT
6,3,one,CD
6,3,hour,NN
6,3,minimum,NN
6,3,guarantee,NN
6,3,shall,MD
6,3,also,RB
6,3,be,VB
6,3,at,IN
6,3,the,DT
6,3,rate,NN
6,3,of,IN
6,3,one,CD
6,3,and,CC
6,3,one-half,CD
6,3,1½,CD
6,3,time,NN
6,3,the,DT
6,3,employee,NN
6,3,'s,POS
6,3,regular,JJ
6,3,rate,NN
6,3,of,IN
6,3,pay,NN
6,3,payable,JJ
6,3,in,IN
6,3,six,CD
6,3,minute,NN
6,3,increment,NN
6,4,no,DT
6,4,compensation,NN
6,4,shall,MD
6,4,be,VB
6,4,paid,VB
6,4,for,IN
6,4,the,DT
6,4,first,JJ
6,4,45,CD
6,4,minute,NN
6,4,of,IN
6,4,the,DT
6,4,court,NN
6,4,'s,POS
6,4,noon,NN
6,4,recess,NN
6,4,provided,VB
6,4,however,RB
6,4,that,IN
6,4,no,DT
6,4,such,JJ
6,4,compensation,NN
6,4,shall,MD
6,4,be,VB
6,4,allowed,VB
6,4,unless,IN
6,4,such,JJ
6,4,employee,NN
6,4,is,VB
6,4,in,IN
6,4,actual,JJ
6,4,attendance,NN
6,4,in,IN
6,4,court,NN
6,5,such,JJ
6,5,compensation,NN
6,5,for,IN
6,5,court,NN
6,5,appearance,NN
6,5,may,MD
6,5,be,VB
6,5,in,IN
6,5,either,DT
6,5,time,NN
6,5,off,RP
6,5,or,CC
6,5,cash,NN
6,6,call,VB
6,6,back,RP
6,6,provision,NN
6,6,are,VB
6,6,not,RB
6,6,applicable,JJ
6,6,to,TO
6,6,court,NN
6,6,appearance,NN
6,7,section,NN
6,7,ii,NN
6,7,the,DT
6,7,following,JJ
6,7,court,NN
6,7,provision,NN
6,7,shall,MD
6,7,apply,VB
6,7,to,TO
6,7,employee,NN
6,7,in,IN
6,7,the,DT
6,7,police,NN
6,7,department,NN
6,7,only,RB
6,8,these,DT
6,8,provision,NN
6,8,apply,VB
6,8,only,RB
6,8,for,IN
6,8,the,DT
6,8,payment,NN
6,8,of,IN
6,8,overtime,NN
6,8,for,IN
6,8,court,NN
6,8,appearance,NN
6,8,outside,IN
6,8,of,IN
6,8,the,DT
6,8,normal,JJ
6,8,duty,NN
6,8,hour,NN
6,8,of,IN
6,8,employee,NN
6,9,call,VB
6,9,back,RP
6,9,provision,NN
6,9,are,VB
6,9,not,RB
6,9,applicable,JJ
6,9,to,TO
6,9,court,NN
6,9,appearance,NN
6,10,basic,JJ
6,10,compensation,NN
6,10,an,DT
6,10,employee,NN
6,10,at,IN
6,10,the,DT
6,10,employee,NN
6,10,'s,POS
6,10,option,NN
6,10,may,MD
6,10,report,VB
6,10,to,TO
6,10,court,NN
6,10,when,WRB
6,10,subpoenaed,NN
6,10,or,CC
6,10,remain,VB
6,10,on,IN
6,10,call,NN
6,11,if,IN
6,11,the,DT
6,11,employee,NN
6,11,elect,VB
6,11,to,TO
6,11,appear,VB
6,11,in,IN
6,11,court,NN
6,11,the,DT
6,11,division,NN
6,11,supervisor,NN
6,11,must,MD
6,11,be,VB
6,11,notified,VB
6,11,at,IN
6,11,the,DT
6,11,latest,JJ
6,11,one,CD
6,11,administrative,JJ
6,11,day,NN
6,11,prior,RB
6,11,to,TO
6,11,the,DT
6,11,scheduled,JJ
6,11,court,NN
6,11,appearance,NN
6,12,if,IN
6,12,the,DT
6,12,employee,NN
6,12,wish,NN
6,12,to,TO
6,12,remain,VB
6,12,on,IN
6,12,call,NN
6,12,the,DT
6,12,employee,NN
6,12,must,MD
6,12,be,VB
6,12,able,JJ
6,12,to,TO
6,12,appear,VB
6,12,in,IN
6,12,court,NN
6,12,not,RB
6,12,more,JJ
6,12,than,IN
6,12,one,CD
6,12,hour,NN
6,12,after,IN
6,12,being,VB
6,12,notified,VB
6,12,that,IN
6,12,the,DT
6,12,employee,NN
6,12,'s,POS
6,12,appearance,NN
6,12,is,VB
6,12,required,VB
6,12,in,IN
6,12,court,NN
6,13,to,TO
6,13,appear,VB
6,13,in,IN
6,13,court,NN
6,13,more,JJ
6,13,than,IN
6,13,an,DT
6,13,hour,NN
6,13,after,IN
6,13,having,VB
6,13,been,VB
6,13,notified,VB
6,13,will,MD
6,13,void,VB
6,13,the,DT
6,13,employee,NN
6,13,'s,POS
6,13,right,NN
6,13,to,TO
6,13,on-call,JJ
6,13,compensation,NN
6,14,an,DT
6,14,employee,NN
6,14,need,MD
6,14,not,RB
6,14,remain,VB
6,14,at,IN
6,14,home,NN
6,14,but,CC
6,14,must,MD
6,14,be,VB
6,14,available,JJ
6,14,for,IN
6,14,telephonic,JJ
6,14,notification,NN
6,14,at,IN
6,14,location,NN
6,14,where,WRB
6,14,the,DT
6,14,supervisor,NN
6,14,know,VB
6,14,the,DT
6,14,employee,NN
6,14,can,MD
6,14,be,VB
6,14,reached,VB
6,15,an,DT
6,15,off-duty,JJ
6,15,employee,NN
6,15,shall,MD
6,15,receive,VB
6,15,minimum,NN
6,15,of,IN
6,15,two,CD
6,15,hour,NN
6,15,overtime,JJ
6,15,compensation,NN
6,15,for,IN
6,15,any,DT
6,15,court,NN
6,15,day,NN
6,15,he/she,NN
6,15,is,VB
6,15,subpoenaed,VB
6,15,to,TO
6,15,be,VB
6,15,on,IN
6,15,call,NN
6,15,or,CC
6,15,required,VB
6,15,to,TO
6,15,appear,VB
6,16,an,DT
6,16,off-duty,JJ
6,16,employee,NN
6,16,shall,MD
6,16,receive,VB
6,16,hour-for-hour,JJ
6,16,overtime,JJ
6,16,compensation,NN
6,16,for,IN
6,16,each,DT
6,16,additional,JJ
6,16,hour,NN
6,16,of,IN
6,16,actual,JJ
6,16,attendance,NN
6,16,in,IN
6,16,excess,NN
6,16,of,IN
6,16,the,DT
6,16,two,CD
6,16,hour,NN
6,16,minimum,NN
6,16,provided,VB
6,16,for,IN
6,16,in,IN
6,16,paragraph,NN
6,16,a.1,NN
6,16,above,IN
6,16,with,IN
6,16,the,DT
6,16,following,JJ
6,16,noontime,JJ
6,16,recess,NN
6,16,exception,NN
6,16,length,NN
6,16,of,IN
6,16,recess,NN
6,16,amount,NN
6,16,of,IN
6,16,compensation,NN
6,16,45,CD
6,16,minute,NN
6,16,or,CC
6,16,less,JJ
6,16,none,NN
6,16,46,CD
6,16,minute,NN
6,16,or,CC
6,16,more,JJ
6,16,all,DT
6,16,time,NN
6,16,over,IN
6,16,46,CD
6,16,minute,NN
6,16,in,IN
6,16,minute,NN
6,16,increment,NN
6,16,note,NN
6,16,an,DT
6,16,employee,NN
6,16,shall,MD
6,16,not,RB
6,16,receive,VB
6,16,court,NN
6,16,on-call,JJ
6,16,overtime,JJ
6,16,compensation,NN
6,16,and,CC
6,16,hour-for-hour,JJ
6,16,overtime,NN
6,16,compensation,NN
6,16,for,IN
6,16,the,DT
6,16,same,JJ
6,16,time,NN
6,16,period,NN
6,17,multiple,JJ
6,17,cases,NN
6,17,an,DT
6,17,off-duty,JJ
6,17,employee,NN
6,17,who,WP
6,17,receives,VB
6,17,morning,NN
6,17,and,CC
6,17,afternoon,NN
6,17,subpoena,NN
6,17,for,IN
6,17,separate,JJ
6,17,case,NN
6,17,on,IN
6,17,court,NN
6,17,day,NN
6,17,shall,MD
6,17,receive,VB
6,17,overtime,JJ
6,17,compensation,NN
6,17,in,IN
6,17,paragraph,NN
6,17,a.1,NN
6,17,above,IN
6,17,for,IN
6,17,each,DT
6,17,case,NN
6,17,for,IN
6,17,total,NN
6,17,of,IN
6,17,four,CD
6,17,hour,NN
6,18,in,IN
6,18,addition,NN
6,18,he/she,NN
6,18,shall,MD
6,18,receive,VB
6,18,hour-for-hour,JJ
6,18,overtime,JJ
6,18,compensation,NN
6,18,for,IN
6,18,each,DT
6,18,additional,JJ
6,18,hour,NN
6,18,of,IN
6,18,actual,JJ
6,18,court,NN
6,18,attendance,NN
6,18,in,IN
6,18,excess,NN
6,18,of,IN
6,18,two,CD
6,18,hour,NN
6,19,c.,NN
6,19,exceptions,NN
6,19,to,TO
6,19,the,DT
6,19,two,CD
6,19,hour,NN
6,19,minimum,JJ
6,19,management,NN
6,19,will,MD
6,19,attempt,VB
6,19,to,TO
6,19,adjust,VB
6,19,an,DT
6,19,employee,NN
6,19,'s,POS
6,19,shift,NN
6,19,to,TO
6,19,accommodate,VB
6,19,court,NN
6,19,appearance,NN
6,19,or,CC
6,19,on-call,JJ
6,19,status,NN
6,19,commencing,VB
6,19,two,CD
6,19,hour,NN
6,19,or,CC
6,19,less,JJ
6,19,before,IN
6,19,or,CC
6,19,after,IN
6,19,the,DT
6,19,employee,NN
6,19,'s,POS
6,19,regularly,RB
6,19,assigned,VB
6,19,shift,NN
6,19,begin,NN
6,19,or,CC
6,19,end,NN
6,20,if,IN
6,20,an,DT
6,20,employee,NN
6,20,'s,POS
6,20,shift,NN
6,20,can,MD
6,20,not,RB
6,20,be,VB
6,20,adjusted,VB
6,20,the,DT
6,20,employee,NN
6,20,will,MD
6,20,be,VB
6,20,compensated,VB
6,20,follows,VB
6,20,court,NN
6,20,appearance,NN
6,20,or,CC
6,20,on-call,JJ
6,20,status,NN
6,20,commencing,VB
6,20,two,CD
6,20,hour,NN
6,20,or,CC
6,20,less,JJ
6,20,before,IN
6,20,the,DT
6,20,employee,NN
6,20,'s,POS
6,20,regularly,RB
6,20,assigned,VB
6,20,shift,NN
6,20,begin,NN
6,21,compensation,NN
6,21,will,MD
6,21,be,VB
6,21,for,IN
6,21,the,DT
6,21,actual,JJ
6,21,time,NN
6,21,between,IN
6,21,the,DT
6,21,commencement,NN
6,21,of,IN
6,21,the,DT
6,21,court,NN
6,21,appearance,NN
6,21,or,CC
6,21,on-call,JJ
6,21,and,CC
6,21,the,DT
6,21,beginning,NN
6,21,of,IN
6,21,the,DT
6,21,employee,NN
6,21,'s,POS
6,21,assigned,VB
6,21,shift,NN
6,21,with,IN
6,21,the,DT
6,21,same,JJ
6,21,noon,NN
6,21,recess,NN
6,21,provision,NN
6,21,outlined,VB
6,21,in,IN
6,21,paragraph,NN
6,21,a.2,NN
6,21,above,IN
6,22,court,NN
6,22,appearance,NN
6,22,commencing,VB
6,22,two,CD
6,22,hour,NN
6,22,or,CC
6,22,less,JJ
6,22,after,IN
6,22,the,DT
6,22,employee,NN
6,22,'s,POS
6,22,regularly,RB
6,22,assigned,VB
6,22,shift,NN
6,22,end,NN
6,23,compensation,NN
6,23,will,MD
6,23,be,VB
6,23,for,IN
6,23,the,DT
6,23,actual,JJ
6,23,time,NN
6,23,between,IN
6,23,the,DT
6,23,end,NN
6,23,of,IN
6,23,the,DT
6,23,employee,NN
6,23,'s,POS
6,23,assigned,VB
6,23,shift,NN
6,23,and,CC
6,23,the,DT
6,23,termination,NN
6,23,of,IN
6,23,the,DT
6,23,court,NN
6,23,appearance,NN
6,23,with,IN
6,23,the,DT
6,23,same,JJ
6,23,noon,NN
6,23,recess,NN
6,23,provision,NN
6,23,outlined,VB
6,23,in,IN
6,23,paragraph,NN
6,23,a.2,NN
6,23,above,IN
6,24,court,NN
6,24,appearance,NN
6,24,or,CC
6,24,on-call,JJ
6,24,that,WDT
6,24,begin,NN
6,24,during,IN
6,24,an,DT
6,24,employee,NN
6,24,regularly,RB
6,24,assigned,VB
6,24,shift,NN
6,25,compensation,NN
6,25,will,MD
6,25,be,VB
6,25,for,IN
6,25,the,DT
6,25,actual,JJ
6,25,time,NN
6,25,between,IN
6,25,the,DT
6,25,end,NN
6,25,of,IN
6,25,the,DT
6,25,employee,NN
6,25,'s,POS
6,25,assigned,VB
6,25,shift,NN
6,25,and,CC
6,25,the,DT
6,25,termination,NN
6,25,of,IN
6,25,the,DT
6,25,appearance,NN
6,25,or,CC
6,25,on-call,JJ
6,25,status,NN
6,25,with,IN
6,25,the,DT
6,25,same,JJ
6,25,noon,NN
6,25,recess,NN
6,25,provision,NN
6,25,outlined,VB
6,25,in,IN
6,25,paragraph,NN
6,25,a.2,NN
6,25,above,IN
7,1,whenever,WRB
7,1,an,DT
7,1,employee,NN
7,1,is,VB
7,1,served,VB
7,1,with,IN
7,1,subpoena,NN
7,1,by,IN
7,1,court,NN
7,1,of,IN
7,1,competent,NN
7,1,jurisdiction,NN
7,1,which,WDT
7,1,compels,VB
7,1,his/her,PRP$
7,1,presence,NN
7,1,witness,NN
7,1,during,IN
7,1,his/her,PRP$
7,1,normal,JJ
7,1,working,JJ
7,1,period,NN
7,1,unless,IN
7,1,he/she,NN
7,1,is,VB
7,1,party,NN
7,1,to,TO
7,1,the,DT
7,1,litigation,NN
7,1,or,CC
7,1,an,DT
7,1,expert,JJ
7,1,witness,NN
7,1,such,JJ
7,1,employee,NN
7,1,shall,MD
7,1,be,VB
7,1,granted,VB
7,1,time,NN
7,1,off,IN
7,1,with,IN
7,1,pay,NN
7,1,in,IN
7,1,the,DT
7,1,amount,NN
7,1,of,IN
7,1,the,DT
7,1,difference,NN
7,1,between,IN
7,1,the,DT
7,1,employee,NN
7,1,'s,POS
7,1,regular,JJ
7,1,earnings,NN
7,1,and,CC
7,1,any,DT
7,1,amount,NN
7,1,he/she,NN
7,1,receives,VB
7,1,for,IN
7,1,such,JJ
7,1,appearance,NN
7,2,this,DT
7,2,article,NN
7,2,is,VB
7,2,not,RB
7,2,applicable,JJ
7,2,to,TO
7,2,appearance,NN
7,2,for,IN
7,2,which,WDT
7,2,the,DT
7,2,employee,NN
7,2,receives,VB
7,2,compensation,NN
7,2,in,IN
7,2,excess,NN
7,2,of,IN
7,2,his/her,PRP$
7,2,regular,JJ
7,2,earnings,NN
7,3,court,NN
7,3,of,IN
7,3,competent,NN
7,3,jurisdiction,NN
7,3,is,VB
7,3,defined,VB
7,3,court,NN
7,3,within,IN
7,3,the,DT
7,3,county,NN
7,3,in,IN
7,3,which,WDT
7,3,the,DT
7,3,employee,NN
7,3,resides,NN
7,3,or,CC
7,3,if,IN
7,3,outside,IN
7,3,the,DT
7,3,county,NN
7,3,of,IN
7,3,residence,NN
7,3,the,DT
7,3,place,NN
7,3,of,IN
7,3,appearance,NN
7,3,must,MD
7,3,be,VB
7,3,within,IN
7,3,150,CD
7,3,mile,NN
7,3,of,IN
7,3,the,DT
7,3,employee,NN
7,3,'s,POS
7,3,residence,NN
8,1,an,DT
8,1,employee,NN
8,1,duly,NN
8,1,summoned,VB
8,1,to,TO
8,1,attend,VB
8,1,any,DT
8,1,court,NN
8,1,for,IN
8,1,the,DT
8,1,purpose,NN
8,1,of,IN
8,1,performing,VB
8,1,jury,NN
8,1,service,NN
8,1,shall,MD
8,1,for,IN
8,1,those,DT
8,1,day,NN
8,1,during,IN
8,1,which,WDT
8,1,jury,NN
8,1,service,NN
8,1,is,VB
8,1,actually,RB
8,1,performed,VB
8,1,and,CC
8,1,those,DT
8,1,day,NN
8,1,necessary,JJ
8,1,to,TO
8,1,qualify,VB
8,1,for,IN
8,1,jury,NN
8,1,service,NN
8,1,receive,VB
8,1,his/her,PRP$
8,1,regular,JJ
8,1,salary,NN
8,2,the,DT
8,2,absence,NN
8,2,of,IN
8,2,the,DT
8,2,employee,NN
8,2,for,IN
8,2,the,DT
8,2,purpose,NN
8,2,of,IN
8,2,performing,VB
8,2,jury,NN
8,2,service,NN
8,2,shall,MD
8,2,be,VB
8,2,deemed,VB
8,2,to,TO
8,2,be,VB
8,2,an,DT
8,2,authorized,JJ
8,2,absence,NN
8,2,with,IN
8,2,pay,NN
8,2,within,IN
8,2,the,DT
8,2,meaning,NN
8,2,of,IN
8,2,laac,NN
8,2,section,NN
8,2,4.75,CD
8,3,during,IN
8,3,the,DT
8,3,time,NN
8,3,the,DT
8,3,employee,NN
8,3,is,VB
8,3,actually,RB
8,3,reporting,VB
8,3,for,IN
8,3,jury,NN
8,3,service,NN
8,3,the,DT
8,3,head,NN
8,3,of,IN
8,3,the,DT
8,3,department,NN
8,3,office,NN
8,3,or,CC
8,3,bureau,NN
8,3,or,CC
8,3,his/her,PRP$
8,3,designee,NN
8,3,will,MD
8,3,convert,VB
8,3,the,DT
8,3,employee,NN
8,3,'s,POS
8,3,usual,JJ
8,3,shift,NN
8,3,to,TO
8,3,regular,JJ
8,3,five-day,NN
8,3,monday,NN
8,3,through,IN
8,3,friday,NN
8,3,day,NN
8,3,shift,NN
8,4,however,RB
8,4,employee,NN
8,4,may,MD
8,4,choose,VB
8,4,to,TO
8,4,remain,VB
8,4,on,IN
8,4,an,DT
8,4,alternative,JJ
8,4,work,NN
8,4,schedule,NN
8,4,Sep-80,CD
8,4,10-Apr,CD
8,4,or,CC
8,4,12-Mar,CD
8,4,or,CC
8,4,on,IN
8,4,an,DT
8,4,off-watch,JJ
8,4,schedule,NN
8,4,during,IN
8,4,jury,NN
8,4,service,NN
8,4,with,IN
8,4,the,DT
8,4,understanding,NN
8,4,that,WDT
8,4,jury,NN
8,4,service,NN
8,4,on,IN
8,4,regularly,RB
8,4,scheduled,VB
8,4,day,NN
8,4,off,IN
8,4,rdo,NN
8,4,will,MD
8,4,not,RB
8,4,be,VB
8,4,compensated,VB
8,5,employees,NN
8,5,must,MD
8,5,report,VB
8,5,for,IN
8,5,work,NN
8,5,on,IN
8,5,any,DT
8,5,day,NN
8,5,of,IN
8,5,his/her,PRP$
8,5,converted,VB
8,5,shift,NN
8,5,that,IN
8,5,he/she,NN
8,5,is,VB
8,5,not,RB
8,5,required,VB
8,5,by,IN
8,5,the,DT
8,5,court,NN
8,5,to,TO
8,5,perform,VB
8,5,jury,NN
8,5,service,NN
8,6,c.,NN
8,6,compensation,NN
8,6,for,IN
8,6,mileage,NN
8,6,paid,VB
8,6,by,IN
8,6,the,DT
8,6,court,NN
8,6,for,IN
8,6,jury,NN
8,6,service,NN
8,6,shall,MD
8,6,be,VB
8,6,retained,VB
8,6,by,IN
8,6,the,DT
8,6,employee,NN
8,7,d.,NN
8,7,employees,NN
8,7,performing,VB
8,7,jury,NN
8,7,service,NN
8,7,on,IN
8,7,designated,JJ
8,7,city,NN
8,7,holiday,NN
8,7,shall,MD
8,7,be,VB
8,7,compensated,VB
8,7,for,IN
8,7,the,DT
8,7,designated,JJ
8,7,city,NN
8,7,holiday,NN
8,7,additional,JJ
8,7,time,NN
8,7,off,RP
8,7,for,IN
8,7,that,DT
8,7,holiday,NN
8,7,shall,MD
8,7,not,RB
8,7,be,VB
8,7,provided,VB
8,8,e.,NN
8,8,an,DT
8,8,employee,NN
8,8,duly,NN
8,8,summoned,VB
8,8,to,TO
8,8,attend,VB
8,8,any,DT
8,8,court,NN
8,8,of,IN
8,8,competent,NN
8,8,jurisdiction,NN
8,8,for,IN
8,8,the,DT
8,8,purpose,NN
8,8,of,IN
8,8,performing,VB
8,8,jury,NN
8,8,service,NN
8,8,shall,MD
8,8,for,IN
8,8,those,DT
8,8,day,NN
8,8,during,IN
8,8,which,WDT
8,8,jury,NN
8,8,service,NN
8,8,is,VB
8,8,actually,RB
8,8,performed,VB
8,8,and,CC
8,8,those,DT
8,8,day,NN
8,8,necessary,JJ
8,8,to,TO
8,8,qualify,VB
8,8,for,IN
8,8,jury,NN
8,8,service,NN
8,8,receive,VB
8,8,his/her,PRP$
8,8,regular,JJ
8,8,salary,NN
9,1,every,DT
9,1,employee,NN
9,1,who,WP
9,1,qualifies,VB
9,1,for,IN
9,1,and,CC
9,1,is,VB
9,1,granted,VB
9,1,military,JJ
9,1,leave,VB
9,1,whether,IN
9,1,temporary,JJ
9,1,or,CC
9,1,otherwise,RB
9,1,pursuant,JJ
9,1,to,TO
9,1,the,DT
9,1,provision,NN
9,1,of,IN
9,1,the,DT
9,1,military,JJ
9,1,and,CC
9,1,veterans,NN
9,1,code,NN
9,1,of,IN
9,1,the,DT
9,1,state,NN
9,1,of,IN
9,1,california,NN
9,1,shall,MD
9,1,before,IN
9,1,he/she,NN
9,1,is,VB
9,1,paid,VB
9,1,his/her,PRP$
9,1,salary,NN
9,1,or,CC
9,1,compensation,NN
9,1,during,IN
9,1,such,JJ
9,1,leave,VB
9,1,or,CC
9,1,any,DT
9,1,part,NN
9,1,thereof,RB
9,1,provided,VB
9,1,in,IN
9,1,said,VB
9,1,code,NN
9,1,furnish,NN
9,1,to,TO
9,1,his/her,PRP$
9,1,appointing,VB
9,1,authority,NN
9,1,two,CD
9,1,certified,VB
9,1,copy,NN
9,1,of,IN
9,1,his/her,PRP$
9,1,order,NN
9,1,one,CD
9,1,copy,NN
9,1,to,TO
9,1,be,VB
9,1,filed,VB
9,1,in,IN
9,1,the,DT
9,1,department,NN
9,1,in,IN
9,1,which,WDT
9,1,he/she,NN
9,1,is,VB
9,1,employed,VB
9,1,and,CC
9,1,the,DT
9,1,other,JJ
9,1,with,IN
9,1,the,DT
9,1,controller,NN
9,2,in,IN
9,2,lieu,NN
9,2,of,IN
9,2,the,DT
9,2,order,NN
9,2,the,DT
9,2,employee,NN
9,2,shall,MD
9,2,furnish,VB
9,2,to,TO
9,2,the,DT
9,2,appointing,VB
9,2,authority,NN
9,2,upon,IN
9,2,form,NN
9,2,provided,VB
9,2,by,IN
9,2,the,DT
9,2,controller,NN
9,2,certified,VB
9,2,evidence,NN
9,2,of,IN
9,2,his/her,PRP$
9,2,entry,NN
9,2,into,IN
9,2,active,JJ
9,2,service,NN
9,2,in,IN
9,2,the,DT
9,2,armed,JJ
9,2,force,NN
9,2,of,IN
9,2,the,DT
9,2,united,JJ
9,2,states,NN
9,2,and,CC
9,2,the,DT
9,2,date,NN
9,2,thereof,RB
9,3,any,DT
9,3,certification,NN
9,3,required,VB
9,3,by,IN
9,3,this,DT
9,3,article,NN
9,3,may,MD
9,3,be,VB
9,3,made,VB
9,3,by,IN
9,3,any,DT
9,3,authorized,JJ
9,3,officer,NN
9,3,of,IN
9,3,such,JJ
9,3,armed,VB
9,3,force,NN
9,4,the,DT
9,4,city,NN
9,4,controller,NN
9,4,shall,MD
9,4,have,VB
9,4,power,NN
9,4,at,IN
9,4,any,DT
9,4,time,NN
9,4,to,TO
9,4,require,VB
9,4,such,JJ
9,4,additional,JJ
9,4,satisfactory,NN
9,4,evidence,NN
9,4,of,IN
9,4,the,DT
9,4,entry,NN
9,4,of,IN
9,4,such,JJ
9,4,employee,NN
9,4,into,IN
9,4,active,JJ
9,4,service,NN
9,4,in,IN
9,4,such,JJ
9,4,armed,VB
9,4,force,NN
9,4,and,CC
9,4,of,IN
9,4,the,DT
9,4,actual,JJ
9,4,performance,NN
9,4,by,IN
9,4,the,DT
9,4,employee,NN
9,4,of,IN
9,4,ordered,JJ
9,4,military,JJ
9,4,duty,NN
9,4,during,IN
9,4,all,DT
9,4,or,CC
9,4,any,DT
9,4,part,NN
9,4,of,IN
9,4,such,JJ
9,4,leave,VB
9,5,in,IN
9,5,determining,VB
9,5,whether,IN
9,5,an,DT
9,5,employee,NN
9,5,has,VB
9,5,been,VB
9,5,in,IN
9,5,the,DT
9,5,service,NN
9,5,of,IN
9,5,the,DT
9,5,city,NN
9,5,for,IN
9,5,period,NN
9,5,of,IN
9,5,not,RB
9,5,less,JJ
9,5,than,IN
9,5,one,CD
9,5,year,NN
9,5,immediately,RB
9,5,prior,JJ
9,5,to,TO
9,5,the,DT
9,5,date,NN
9,5,on,IN
9,5,which,WDT
9,5,the,DT
9,5,absence,NN
9,5,begin,VB
9,5,continuous,JJ
9,5,service,NN
9,5,shall,MD
9,5,be,VB
9,5,required,VB
9,6,employees,NN
9,6,called,VB
9,6,into,IN
9,6,active,JJ
9,6,military,JJ
9,6,service,NN
9,6,other,JJ
9,6,than,IN
9,6,temporary,JJ
9,6,military,JJ
9,6,leave,VB
9,6,shall,MD
9,6,accrue,VB
9,6,vacation,NN
9,6,time,NN
9,6,and,CC
9,6,be,VB
9,6,entitled,VB
9,6,to,TO
9,6,the,DT
9,6,cash-out,NN
9,6,of,IN
9,6,accrued,VB
9,6,but,CC
9,6,unused,JJ
9,6,vacation,NN
9,6,time,NN
9,6,in,IN
9,6,accordance,NN
9,6,with,IN
9,6,article,NN
9,6,7.6,CD
9,6,vacation,NN
9,6,section,NN
9,6,ii,NN
9,6,of,IN
9,6,this,DT
9,6,mou,NN
10,1,each,DT
10,1,employee,NN
10,1,that,WDT
10,1,is,VB
10,1,authorized,VB
10,1,to,TO
10,1,use,VB
10,1,his/her,PRP$
10,1,own,NN
10,1,vehicle,NN
10,1,pursuant,NN
10,1,to,TO
10,1,laac,NN
10,1,division,NN
10,1,chapter,NN
10,1,article,NN
10,1,in,IN
10,1,the,DT
10,1,performance,NN
10,1,of,IN
10,1,his/her,PRP$
10,1,duty,NN
10,1,shall,MD
10,1,be,VB
10,1,reimbursed,VB
10,1,for,IN
10,1,transportation,NN
10,1,expense,NN
10,1,at,IN
10,1,the,DT
10,1,internal,JJ
10,1,revenue,NN
10,1,service,NN
10,1,irs,NN
10,1,rate,NN
10,1,established,VB
10,1,on,IN
10,1,january,NN
10,1,1st,JJ
10,1,of,IN
10,1,each,DT
10,1,calendar,NN
10,1,year,NN
10,1,or,CC
10,1,at,IN
10,1,subsequent,JJ
10,1,time,NN
10,1,during,IN
10,1,the,DT
10,1,calendar,NN
10,1,year,NN
10,1,for,IN
10,1,all,DT
10,1,mile,NN
10,1,traveled,VB
10,1,in,IN
10,1,any,DT
10,1,biweekly,JJ
10,1,period,NN
10,1,in,IN
10,1,addition,NN
10,1,to,TO
10,1,any,DT
10,1,and,CC
10,1,all,DT
10,1,salary,NN
10,1,and,CC
10,1,other,JJ
10,1,compensation,NN
10,1,otherwise,RB
10,1,provided,VB
10,1,for,IN
10,1,by,IN
10,1,law,NN
10,2,notwithstanding,VB
10,2,laac,NN
10,2,section,NN
10,2,4.231,CD
10,2,employee,NN
10,2,authorized,VB
10,2,to,TO
10,2,use,VB
10,2,their,PRP$
10,2,personal,JJ
10,2,vehicle,NN
10,2,pursuant,NN
10,2,to,TO
10,2,laac,NN
10,2,section,NN
10,2,4.229,CD
10,2,who,WP
10,2,are,VB
10,2,required,VB
10,2,by,IN
10,2,management,NN
10,2,to,TO
10,2,bring,VB
10,2,the,DT
10,2,vehicle,NN
10,2,to,TO
10,2,work,VB
10,2,each,DT
10,2,day,NN
10,2,shall,MD
10,2,receive,VB
10,2,minimum,JJ
10,2,payment,NN
10,2,of,IN
10,2,10,CD
10,2,mile,NN
10,2,per,IN
10,2,day,NN
10,2,regardless,NN
10,2,of,IN
10,2,whether,IN
10,2,the,DT
10,2,vehicle,NN
10,2,is,VB
10,2,driven,VB
10,2,for,IN
10,2,city,NN
10,2,business,NN
10,3,if,IN
10,3,an,DT
10,3,employee,NN
10,3,is,VB
10,3,not,RB
10,3,authorized,VB
10,3,or,CC
10,3,required,VB
10,3,to,TO
10,3,bring,VB
10,3,vehicle,NN
10,3,to,TO
10,3,work,VB
10,3,for,IN
10,3,use,NN
10,3,in,IN
10,3,the,DT
10,3,course,NN
10,3,of,IN
10,3,their,PRP$
10,3,work,NN
10,3,assignment,NN
10,3,they,PRP
10,3,will,MD
10,3,no,DT
10,3,longer,RB
10,3,be,VB
10,3,provided,VB
10,3,minimum,JJ
10,3,payment,NN
10,3,of,IN
10,3,10,CD
10,3,mile,NN
10,3,per,IN
10,3,day,NN
10,4,during,IN
10,4,the,DT
10,4,term,NN
10,4,of,IN
10,4,this,DT
10,4,mou,NN
10,4,the,DT
10,4,cent,NN
10,4,per,IN
10,4,mile,NN
10,4,reimbursement,NN
10,4,shall,MD
10,4,be,VB
10,4,adjusted,VB
10,4,to,TO
10,4,an,DT
10,4,amount,NN
10,4,equal,JJ
10,4,to,TO
10,4,the,DT
10,4,annual,JJ
10,4,standard,NN
10,4,car,NN
10,4,mileage,NN
10,4,allowance,NN
10,4,determined,VB
10,4,by,IN
10,4,the,DT
10,4,irs,NN
10,5,the,DT
10,5,cao,NN
10,5,shall,MD
10,5,certify,VB
10,5,to,TO
10,5,the,DT
10,5,controller,NN
10,5,appropriate,JJ
10,5,change,NN
10,5,if,IN
10,5,required,VB
10,5,to,TO
10,5,become,VB
10,5,effective,JJ
10,5,at,IN
10,5,the,DT
10,5,beginning,NN
10,5,of,IN
10,5,the,DT
10,5,first,JJ
10,5,full,JJ
10,5,pay,NN
10,5,period,NN
10,5,in,IN
10,5,which,WDT
10,5,the,DT
10,5,irs,NN
10,5,reimbursement,NN
10,5,rate,NN
10,5,change,NN
10,5,is,VB
10,5,effective,JJ
11,1,section,NN
11,1,whenever,WRB
11,1,an,DT
11,1,employee,NN
11,1,is,VB
11,1,ordered,VB
11,1,by,IN
11,1,the,DT
11,1,administrative,JJ
11,1,head,NN
11,1,of,IN
11,1,his/her,PRP$
11,1,department,NN
11,1,office,NN
11,1,or,CC
11,1,bureau,NN
11,1,or,CC
11,1,his/her,PRP$
11,1,designee,NN
11,1,to,TO
11,1,return,VB
11,1,to,TO
11,1,duty,NN
11,1,following,VB
11,1,the,DT
11,1,termination,NN
11,1,of,IN
11,1,his/her,PRP$
11,1,work,NN
11,1,shift,NN
11,1,and,CC
11,1,departure,NN
11,1,from,IN
11,1,his/her,PRP$
11,1,work,NN
11,1,location,NN
11,1,he/she,NN
11,1,shall,MD
11,1,receive,VB
11,1,minimum,JJ
11,1,compensation,NN
11,1,equivalent,JJ
11,1,to,TO
11,1,four,CD
11,1,hour,NN
11,1,at,IN
11,1,his/her,PRP$
11,1,appropriate,JJ
11,1,overtime,NN
11,1,rate,NN
11,2,call,VB
11,2,back,RP
11,2,time,NN
11,2,contiguous,JJ
11,2,to,TO
11,2,and,CC
11,2,continuing,VB
11,2,into,IN
11,2,normal,JJ
11,2,work,NN
11,2,shift,NN
11,2,will,MD
11,2,not,RB
11,2,be,VB
11,2,treated,VB
11,2,call,NN
11,2,back,RB
11,2,for,IN
11,2,purpose,NN
11,2,of,IN
11,2,this,DT
11,2,article,NN
11,2,but,CC
11,2,will,MD
11,2,instead,RB
11,2,be,VB
11,2,compensated,VB
11,2,hour,NN
11,2,for,IN
11,2,hour,NN
11,2,overtime,NN
11,3,section,NN
11,3,ii,NN
11,3,whenever,WRB
11,3,an,DT
11,3,employee,NN
11,3,in,IN
11,3,the,DT
11,3,police,NN
11,3,department,NN
11,3,is,VB
11,3,ordered,VB
11,3,by,IN
11,3,designated,JJ
11,3,representative,NN
11,3,of,IN
11,3,the,DT
11,3,chief,NN
11,3,of,IN
11,3,police,NN
11,3,to,TO
11,3,return,VB
11,3,to,TO
11,3,duty,NN
11,3,following,VB
11,3,the,DT
11,3,termination,NN
11,3,of,IN
11,3,the,DT
11,3,employee,NN
11,3,'s,POS
11,3,normal,JJ
11,3,work,NN
11,3,shift,NN
11,3,and,CC
11,3,departure,NN
11,3,from,IN
11,3,the,DT
11,3,work,NN
11,3,location,NN
11,3,the,DT
11,3,employee,NN
11,3,shall,MD
11,3,receive,VB
11,3,the,DT
11,3,sum,NN
11,3,of,IN
11,3,ten,CD
11,3,dollar,NN
11,3,$,$
11,3,10,CD
11,3,if,IN
11,3,the,DT
11,3,call,NN
11,3,is,VB
11,3,canceled,VB
11,3,prior,RB
11,3,to,TO
11,3,the,DT
11,3,time,NN
11,3,the,DT
11,3,employee,NN
11,3,report,NN
11,3,to,TO
11,3,the,DT
11,3,telephonically/electronically,RB
11,3,assigned,JJ
11,3,work,NN
11,3,location,NN
11,4,the,DT
11,4,employee,NN
11,4,shall,MD
11,4,be,VB
11,4,entitled,VB
11,4,to,TO
11,4,only,RB
11,4,one,CD
11,4,such,JJ
11,4,payment,NN
11,4,in,IN
11,4,each,DT
11,4,24,CD
11,4,hour,NN
11,4,period,NN
11,4,commencing,VB
11,4,with,IN
11,4,the,DT
11,4,termination,NN
11,4,of,IN
11,4,the,DT
11,4,employee,NN
11,4,'s,POS
11,4,normal,JJ
11,4,work,NN
11,4,shift,NN
11,5,the,DT
11,5,following,JJ
11,5,class,NN
11,5,titles/series,NN
11,5,all,DT
11,5,pay,NN
11,5,grade,NN
11,5,are,VB
11,5,expressly,RB
11,5,eligible,JJ
11,5,for,IN
11,5,call,NN
11,5,back,RB
11,5,pay,NN
11,5,under,IN
11,5,this,DT
11,5,provision,NN
11,5,photographer,RB
11,5,code,NN
11,5,1793,CD
11,5,and,CC
11,5,forensic,JJ
11,5,print,NN
11,5,specialist,NN
11,5,code,NN
11,5,2200,CD
11,6,section,NN
11,6,iii,NN
11,6,if,IN
11,6,an,DT
11,6,employee,NN
11,6,is,VB
11,6,called,VB
11,6,out,RP
11,6,under,IN
11,6,the,DT
11,6,provision,NN
11,6,of,IN
11,6,section,NN
11,6,within,IN
11,6,four,CD
11,6,hour,NN
11,6,of,IN
11,6,the,DT
11,6,first,JJ
11,6,call,NN
11,6,out,IN
11,6,the,DT
11,6,employee,NN
11,6,shall,MD
11,6,receive,VB
11,6,second,JJ
11,6,four,CD
11,6,hour,NN
11,6,pay,NN
11,6,for,IN
11,6,total,NN
11,6,of,IN
11,6,eight,CD
11,6,hour,NN
11,6,pay,NN
11,6,at,IN
11,6,the,DT
11,6,employee,NN
11,6,appropriate,JJ
11,6,overtime,NN
11,6,rate,NN
12,1,the,DT
12,1,following,JJ
12,1,provision,NN
12,1,apply,VB
12,1,to,TO
12,1,the,DT
12,1,compensation,NN
12,1,for,IN
12,1,disturbance,NN
12,1,call,NN
12,1,outside,IN
12,1,of,IN
12,1,normal,JJ
12,1,duty,NN
12,1,hour,NN
12,1,for,IN
12,1,flsa,NN
12,1,non-exempt,JJ
12,1,employee,NN
12,2,employees,NN
12,2,in,IN
12,2,the,DT
12,2,following,JJ
12,2,class,NN
12,2,and,CC
12,2,pay,VB
12,2,grade,VB
12,2,shall,MD
12,2,be,VB
12,2,eligible,JJ
12,2,for,IN
12,2,compensation,NN
12,2,under,IN
12,2,this,DT
12,2,article,NN
12,2,systems,NN
12,2,analyst,NN
12,2,and,CC
12,2,ii,NN
12,2,codes,NN
12,2,1596-1,JJ
12,2,and,CC
12,2,1596-2,JJ
12,2,regardless,NN
12,2,of,IN
12,2,the,DT
12,2,department,NN
12,2,or,CC
12,2,assignment,NN
12,2,procurement,NN
12,2,analyst,NN
12,2,and,CC
12,2,ii,NN
12,2,codes,NN
12,2,1859-1,JJ
12,2,and,CC
12,2,1859-2,JJ
12,2,regardless,NN
12,2,of,IN
12,2,the,DT
12,2,department,NN
12,2,or,CC
12,2,assignment,NN
12,2,and,CC
12,2,one,CD
12,2,management,NN
12,2,aide,NN
12,2,code,NN
12,2,1508,CD
12,2,and,CC
12,2,one,CD
12,2,management,NN
12,2,analyst,NN
12,2,ii,NN
12,2,code,NN
12,2,91842,CD
12,2,assigned,VB
12,2,to,TO
12,2,the,DT
12,2,charter,NN
12,2,bus,NN
12,2,program,NN
12,2,in,IN
12,2,the,DT
12,2,department,NN
12,2,of,IN
12,2,transportation,NN
12,3,whenever,WRB
12,3,the,DT
12,3,above-listed,JJ
12,3,employee,NN
12,3,are,VB
12,3,contacted,VB
12,3,while,IN
12,3,on,IN
12,3,off-duty,JJ
12,3,status,NN
12,3,by,IN
12,3,the,DT
12,3,department,NN
12,3,head,NN
12,3,or,CC
12,3,designee,NN
12,3,to,TO
12,3,furnish,VB
12,3,information,NN
12,3,needed,VB
12,3,to,TO
12,3,maintain,VB
12,3,the,DT
12,3,continuity,NN
12,3,of,IN
12,3,city,NN
12,3,business,NN
12,3,without,IN
12,3,the,DT
12,3,necessity,NN
12,3,of,IN
12,3,having,VB
12,3,to,TO
12,3,report,VB
12,3,for,IN
12,3,duty,NN
12,3,personally,RB
12,3,such,JJ
12,3,employee,NN
12,3,shall,MD
12,3,receive,VB
12,3,minimum,NN
12,3,of,IN
12,3,one,CD
12,3,hour,NN
12,3,of,IN
12,3,compensation,NN
12,3,subject,NN
12,3,to,TO
12,3,the,DT
12,3,following,VB
12,3,limitation,NN
12,3,only,RB
12,3,the,DT
12,3,first,JJ
12,3,disturbance,NN
12,3,call,NN
12,3,made,VB
12,3,in,IN
12,3,any,DT
12,3,one,CD
12,3,calendar,NN
12,3,day,NN
12,3,shall,MD
12,3,qualify,VB
12,3,for,IN
12,3,the,DT
12,3,minimum,JJ
12,3,one,CD
12,3,hour,NN
12,3,of,IN
12,3,compensation,NN
12,3,described,VB
12,3,above,IN
12,4,the,DT
12,4,time,NN
12,4,actually,RB
12,4,spent,VB
12,4,on,IN
12,4,such,JJ
12,4,disturbance,NN
12,4,call,NN
12,4,will,MD
12,4,be,VB
12,4,considered,VB
12,4,hour,NN
12,4,worked,VB
12,4,for,IN
12,4,that,DT
12,4,workweek,NN
12,5,thereafter,RB
12,5,compensation,NN
12,5,for,IN
12,5,all,DT
12,5,other,JJ
12,5,qualifying,VB
12,5,disturbance,NN
12,5,call,NN
12,5,totaling,VB
12,5,an,DT
12,5,aggregate,NN
12,5,of,IN
12,5,ten,CD
12,5,minute,NN
12,5,or,CC
12,5,more,JJ
12,5,in,IN
12,5,that,DT
12,5,same,JJ
12,5,calendar,NN
12,5,day,NN
12,5,shall,MD
12,5,be,VB
12,5,for,IN
12,5,actual,JJ
12,5,time,NN
12,5,worked,VB
12,6,disturbance,NN
12,6,call,NN
12,6,compensation,NN
12,6,shall,MD
12,6,be,VB
12,6,used,VB
12,6,to,TO
12,6,offset,VB
12,6,any,DT
12,6,overtime,NN
12,6,owed,VB
12,7,any,DT
12,7,employee,NN
12,7,receiving,VB
12,7,on-call/standby,JJ
12,7,compensation,NN
12,7,for,IN
12,7,the,DT
12,7,same,JJ
12,7,day,NN
12,7,shall,MD
12,7,not,RB
12,7,be,VB
12,7,eligible,JJ
12,7,to,TO
12,7,receive,VB
12,7,compensation,NN
12,7,under,IN
12,7,this,DT
12,7,article,NN
12,7,for,IN
12,7,that,DT
12,7,day,NN
12,7,the,DT
12,7,department,NN
12,7,head,NN
12,7,or,CC
12,7,designee,NN
12,7,may,MD
12,7,determine,VB
12,7,the,DT
12,7,method,NN
12,7,of,IN
12,7,compensation,NN
12,7,an,DT
12,7,employee,NN
12,7,contacted,VB
12,7,while,IN
12,7,off-duty,JJ
12,7,concerning,VB
12,7,subsequent,JJ
12,7,work,NN
12,7,scheduling,VB
12,7,shall,MD
12,7,not,RB
12,7,be,VB
12,7,eligible,JJ
12,7,to,TO
12,7,receive,VB
12,7,compensation,NN
12,7,under,IN
12,7,this,DT
12,7,article,NN
12,8,ii,NN
12,9,notwithstanding,VB
12,9,the,DT
12,9,above,IN
12,9,whenever,WRB
12,9,all,DT
12,9,other,JJ
12,9,flsa,NN
12,9,non-exempt,JJ
12,9,employee,NN
12,9,in,IN
12,9,classification,NN
12,9,and,CC
12,9,pay,VB
12,9,grade,NN
12,9,not,RB
12,9,listed,VB
12,9,specifically,RB
12,9,in,IN
12,9,this,DT
12,9,article,NN
12,9,are,VB
12,9,contacted,VB
12,9,while,IN
12,9,on,IN
12,9,off-duty,JJ
12,9,status,NN
12,9,by,IN
12,9,the,DT
12,9,department,NN
12,9,head,NN
12,9,or,CC
12,9,designee,NN
12,9,to,TO
12,9,furnish,VB
12,9,information,NN
12,9,needed,VB
12,9,to,TO
12,9,maintain,VB
12,9,the,DT
12,9,continuity,NN
12,9,of,IN
12,9,city,NN
12,9,business,NN
12,9,described,VB
12,9,above,IN
12,9,without,IN
12,9,the,DT
12,9,necessity,NN
12,9,of,IN
12,9,having,VB
12,9,to,TO
12,9,report,VB
12,9,for,IN
12,9,duty,NN
12,9,personally,RB
12,9,such,JJ
12,9,employee,NN
12,9,shall,MD
12,9,receive,VB
12,9,compensation,NN
12,9,for,IN
12,9,actual,JJ
12,9,time,NN
12,9,worked,VB
12,9,for,IN
12,9,said,VB
12,9,disturbance,NN
12,9,call,NN
12,9,that,IN
12,9,total,NN
12,9,10,CD
12,9,minute,NN
12,9,or,CC
12,9,more,JJ
12,9,in,IN
12,9,the,DT
12,9,aggregate,NN
12,9,in,IN
12,9,the,DT
12,9,same,JJ
12,9,calendar,NN
12,9,day,NN
12,9,which,WDT
12,9,shall,MD
12,9,be,VB
12,9,included,VB
12,9,hour,NN
12,9,worked,VB
12,9,for,IN
12,9,that,DT
12,9,workweek,NN
12,10,any,DT
12,10,employee,NN
12,10,receiving,VB
12,10,on-call/standby,JJ
12,10,compensation,NN
12,10,for,IN
12,10,the,DT
12,10,same,JJ
12,10,day,NN
12,10,shall,MD
12,10,not,RB
12,10,be,VB
12,10,eligible,JJ
12,10,to,TO
12,10,receive,VB
12,10,compensation,NN
12,10,under,IN
12,10,this,DT
12,10,article,NN
12,10,for,IN
12,10,that,DT
12,10,day,NN
12,11,assignment,NN
12,11,of,IN
12,11,an,DT
12,11,electronic,JJ
12,11,communication,NN
12,11,device,NN
12,11,does,VB
12,11,not,RB
12,11,constitute,VB
12,11,worked,JJ
12,11,time,NN
12,12,if,IN
12,12,an,DT
12,12,hourly,JJ
12,12,employee,NN
12,12,is,VB
12,12,contacted,VB
12,12,he/she,NN
12,12,shall,MD
12,12,only,RB
12,12,be,VB
12,12,compensated,VB
12,12,according,VB
12,12,to,TO
12,12,the,DT
12,12,disturbance,NN
12,12,call,NN
12,12,article,NN
12,12,of,IN
12,12,this,DT
12,12,mou,NN
13,1,the,DT
13,1,following,VB
13,1,table,NN
13,1,illustrates,NN
13,1,on-call/standby,JJ
13,1,compensation,NN
13,1,for,IN
13,1,bargaining,VB
13,1,unit,NN
13,1,member,NN
13,1,who,WP
13,1,are,VB
13,1,designated,VB
13,1,by,IN
13,1,management,NN
13,1,to,TO
13,1,be,VB
13,1,in,IN
13,1,an,DT
13,1,on-call,JJ
13,1,or,CC
13,1,standby,JJ
13,1,status,NN
13,1,during,IN
13,1,off-duty,JJ
13,1,hour,NN
13,1,for,IN
13,1,each,DT
13,1,day,NN
13,1,so,RB
13,1,assigned,VB
13,2,any,DT
13,2,unit,NN
13,2,employee,NN
13,2,placed,VB
13,2,on-call/standby,JJ
13,2,who,WP
13,2,remotely,RB
13,2,or,CC
13,2,off-site,JJ
13,2,troubleshoots,NN
13,2,or,CC
13,2,participates,NN
13,2,in,IN
13,2,job-related,JJ
13,2,task,NN
13,2,shall,MD
13,2,receive,VB
13,2,compensation,NN
13,2,of,IN
13,2,no,DT
13,2,less,JJ
13,2,than,IN
13,2,one,CD
13,2,hour,NN
13,2,at,IN
13,2,the,DT
13,2,appropriate,JJ
13,2,hourly,JJ
13,2,rate,NN
13,3,if,IN
13,3,the,DT
13,3,remote,JJ
13,3,task,NN
13,3,exceed,VB
13,3,one,CD
13,3,hour,NN
13,3,in,IN
13,3,duration,NN
13,3,the,DT
13,3,employee,NN
13,3,shall,MD
13,3,be,VB
13,3,compensated,VB
13,3,in,IN
13,3,six,CD
13,3,minute,NN
13,3,increment,NN
13,3,at,IN
13,3,the,DT
13,3,appropriate,JJ
13,3,hourly,JJ
13,3,rate,NN
13,4,assignment,NN
13,4,of,IN
13,4,an,DT
13,4,electronic,JJ
13,4,communication,NN
13,4,device,NN
13,4,does,VB
13,4,not,RB
13,4,constitute,VB
13,4,worked,JJ
13,4,time,NN
13,5,if,IN
13,5,an,DT
13,5,hourly,JJ
13,5,employee,NN
13,5,is,VB
13,5,contacted,VB
13,5,he/she,NN
13,5,shall,MD
13,5,only,RB
13,5,be,VB
13,5,compensated,VB
13,5,according,VB
13,5,to,TO
13,5,the,DT
13,5,on-call/standby,JJ
13,5,article,NN
13,5,of,IN
13,5,the,DT
13,5,mou,NN
14,1,section,NN
14,1,whenever,WRB
14,1,management,NN
14,1,assigns,VB
14,1,an,DT
14,1,employee,NN
14,1,to,TO
14,1,perform,VB
14,1,the,DT
14,1,full,JJ
14,1,duty,NN
14,1,of,IN
14,1,higher,JJ
14,1,level,NN
14,1,supervisory,JJ
14,1,position,NN
14,1,in,IN
14,1,situation,NN
14,1,where,WRB
14,1,the,DT
14,1,incumbent,NN
14,1,of,IN
14,1,the,DT
14,1,higher,JJ
14,1,level,NN
14,1,position,NN
14,1,is,VB
14,1,temporarily,RB
14,1,absent,JJ
14,1,such,JJ
14,1,employee,NN
14,1,shall,MD
14,1,become,VB
14,1,eligible,JJ
14,1,for,IN
14,1,additional,JJ
14,1,compensation,NN
14,1,upon,IN
14,1,completion,NN
14,1,of,IN
14,1,qualifying,VB
14,1,period,NN
14,1,of,IN
14,1,15,CD
14,1,consecutive,JJ
14,1,working,VB
14,1,day,NN
14,1,in,IN
14,1,such,JJ
14,1,assignment,NN
14,1,at,IN
14,1,his/her,PRP$
14,1,regular,JJ
14,1,rate,NN
14,1,of,IN
14,1,compensation,NN
14,2,paid,VB
14,2,leave,VB
14,2,time,NN
14,2,taken,VB
14,2,during,IN
14,2,qualifying,VB
14,2,period,NN
14,2,shall,MD
14,2,extend,VB
14,2,the,DT
14,2,15,CD
14,2,day,NN
14,2,qualifying,VB
14,2,period,NN
14,2,by,IN
14,2,the,DT
14,2,length,NN
14,2,of,IN
14,2,the,DT
14,2,absence,NN
14,3,all,DT
14,3,other,JJ
14,3,absence,NN
14,3,shall,MD
14,3,constitute,VB
14,3,disqualifying,VB
14,3,break,NN
14,3,in,IN
14,3,the,DT
14,3,15,CD
14,3,day,NN
14,3,qualifying,VB
14,3,period,NN
14,3,requirement,NN
14,3,necessitating,VB
14,3,the,DT
14,3,initiation,NN
14,3,and,CC
14,3,completion,NN
14,3,of,IN
14,3,new,JJ
14,3,qualifying,VB
14,3,period,NN
14,4,pay,NN
14,4,shall,MD
14,4,begin,VB
14,4,on,IN
14,4,the,DT
14,4,16th,JJ
14,4,day,NN
14,4,of,IN
14,4,the,DT
14,4,assignment,NN
14,5,each,DT
14,5,temporary,JJ
14,5,supervisory,JJ
14,5,assignment,NN
14,5,shall,MD
14,5,require,VB
14,5,completion,NN
14,5,of,IN
14,5,new,JJ
14,5,qualifying,VB
14,5,period,NN
14,5,each,DT
14,5,fiscal,JJ
14,5,year,NN
14,5,except,IN
14,5,when,WRB
14,5,such,JJ
14,5,assignment,NN
14,5,is,VB
14,5,continuous,JJ
14,5,and,CC
14,5,in,IN
14,5,the,DT
14,5,same,JJ
14,5,work,NN
14,5,location,NN
14,6,whenever,WDT
14,6,management,NN
14,6,assigns,VB
14,6,an,DT
14,6,employee,NN
14,6,on,IN
14,6,temporary,JJ
14,6,basis,NN
14,6,to,TO
14,6,perform,VB
14,6,the,DT
14,6,full,JJ
14,6,duty,NN
14,6,of,IN
14,6,vacant,JJ
14,6,higher,JJ
14,6,level,NN
14,6,supervisory,JJ
14,6,position,NN
14,6,in,IN
14,6,the,DT
14,6,same,JJ
14,6,class,NN
14,6,series,NN
14,6,such,JJ
14,6,employee,NN
14,6,shall,MD
14,6,become,VB
14,6,eligible,JJ
14,6,for,IN
14,6,additional,JJ
14,6,compensation,NN
14,6,on,IN
14,6,the,DT
14,6,first,JJ
14,6,day,NN
14,6,of,IN
14,6,such,JJ
14,6,assignment,NN
14,7,section,NN
14,7,ii,NN
14,7,effective,JJ
14,7,april,NN
14,7,2016,CD
14,7,qualifying,VB
14,7,employee,NN
14,7,stated,VB
14,7,above,IN
14,7,shall,MD
14,7,receive,VB
14,7,an,DT
14,7,amount,NN
14,7,equal,JJ
14,7,to,TO
14,7,5.5,CD
14,7,%,%
14,7,of,IN
14,7,his/her,PRP$
14,7,hourly,JJ
14,7,base,NN
14,7,rate,NN
14,7,in,IN
14,7,the,DT
14,7,form,NN
14,7,of,IN
14,7,non-pensionable,JJ
14,7,add,NN
14,7,to,TO
14,7,pay,VB
14,7,bonus,NN
14,7,paid,VB
14,7,for,IN
14,7,all,DT
14,7,qualifying,VB
14,7,hour,NN
14,7,worked,VB
14,8,section,NN
14,8,iii,NN
14,8,management,NN
14,8,retains,VB
14,8,the,DT
14,8,right,NN
14,8,to,TO
14,8,determine,VB
14,8,whether,IN
14,8,position,NN
14,8,is,VB
14,8,vacant,JJ
14,8,or,CC
14,8,to,TO
14,8,be,VB
14,8,filled,VB
14,8,due,JJ
14,8,to,TO
14,8,temporary,JJ
14,8,absence,NN
15,1,effective,JJ
15,1,april,NN
15,1,2016,CD
15,1,unit,NN
15,1,member,NN
15,1,shall,MD
15,1,be,VB
15,1,eligible,JJ
15,1,for,IN
15,1,pensionable,JJ
15,1,add,NN
15,1,to,TO
15,1,rate,NN
15,1,supervisory,JJ
15,1,differential,JJ
15,1,whereby,WRB
15,1,the,DT
15,1,unit,NN
15,1,member,NN
15,1,who,WP
15,1,supervises,VB
15,1,another,DT
15,1,employee,NN
15,1,is,VB
15,1,reassigned,VB
15,1,to,TO
15,1,salary,NN
15,1,range,NN
15,1,where,WRB
15,1,the,DT
15,1,first,JJ
15,1,step,NN
15,1,of,IN
15,1,the,DT
15,1,range,NN
15,1,is,VB
15,1,5.5,CD
15,1,%,%
15,1,greater,JJ
15,1,than,IN
15,1,the,DT
15,1,first,JJ
15,1,step,NN
15,1,of,IN
15,1,the,DT
15,1,subordinate,NN
15,1,salary,NN
15,1,range,NN
15,1,and,CC
15,1,in,IN
15,1,which,WDT
15,1,case,NN
15,1,the,DT
15,1,supervising,VB
15,1,employee,NN
15,1,remains,NN
15,1,on,IN
15,1,their,PRP$
15,1,assigned,VB
15,1,salary,NN
15,1,step,NN
15,1,when,WRB
15,1,all,DT
15,1,of,IN
15,1,the,DT
15,1,following,JJ
15,1,condition,NN
15,1,apply,VB
15,1,the,DT
15,1,unit,NN
15,1,member,NN
15,1,is,VB
15,1,required,VB
15,1,to,TO
15,1,supervise,VB
15,1,one,CD
15,1,or,CC
15,1,more,JJ
15,1,civilian,JJ
15,1,employee,NN
15,2,supervision,NN
15,2,of,IN
15,2,sworn,VB
15,2,employee,NN
15,2,shall,MD
15,2,not,RB
15,2,be,VB
15,2,considered,VB
15,2,in,IN
15,2,determining,VB
15,2,supervisory,JJ
15,2,differential,JJ
15,3,the,DT
15,3,supervisor,NN
15,3,and,CC
15,3,highest,JJ
15,3,paid,VB
15,3,subordinate,NN
15,3,salary,NN
15,3,are,VB
15,3,set,VB
15,3,by,IN
15,3,salary,NN
15,3,range,NN
15,3,rather,RB
15,3,than,IN
15,3,flat,JJ
15,3,amount,NN
15,4,the,DT
15,4,difference,NN
15,4,between,IN
15,4,the,DT
15,4,top,JJ
15,4,step,NN
15,4,of,IN
15,4,the,DT
15,4,subordinate,NN
15,4,and,CC
15,4,supervisor,NN
15,4,salary,NN
15,4,range,NN
15,4,is,VB
15,4,less,JJ
15,4,than,IN
15,4,5.5,CD
15,4,%,%
15,4,the,DT
15,4,employee,NN
15,4,required,VB
15,4,to,TO
15,4,supervise,VB
15,4,is,VB
15,4,assigned,VB
15,4,to,TO
15,4,bona,NN
15,4,fide,NN
15,4,supervisory,JJ
15,4,position,NN
15,4,meaning,VB
15,4,full-time,JJ
15,4,regularly,RB
15,4,assigned,VB
15,4,supervisor,NN
15,4,with,IN
15,4,full,JJ
15,4,administrative,JJ
15,4,and,CC
15,4,technical,JJ
15,4,authority,NN
15,4,to,TO
15,4,assign,VB
15,4,review,NN
15,4,and,CC
15,4,approve,VB
15,4,work,NN
15,4,of,IN
15,4,his,PRP$
15,4,or,CC
15,4,her,PRP$
15,4,subordinate,NN
15,4,excluding,NN
15,4,either,CC
15,4,the,DT
15,4,general,JJ
15,4,manager,NN
15,4,of,IN
15,4,any,DT
15,4,department,NN
15,4,bureau,NN
15,4,or,CC
15,4,office,NN
15,4,of,IN
15,4,the,DT
15,4,city,NN
15,4,or,CC
15,4,his/her,PRP$
15,4,chief,NN
15,4,assistant,NN
15,5,in,IN
15,5,the,DT
15,5,case,NN
15,5,where,WRB
15,5,the,DT
15,5,civil,JJ
15,5,service,NN
15,5,class,NN
15,5,title,NN
15,5,of,IN
15,5,the,DT
15,5,chief,NN
15,5,assistant,NN
15,5,is,VB
15,5,not,RB
15,5,representative,JJ
15,5,of,IN
15,5,his/her,PRP$
15,5,assignment,NN
15,5,the,DT
15,5,cao,NN
15,5,or,CC
15,5,his/her,PRP$
15,5,designee,NN
15,5,may,MD
15,5,consider,VB
15,5,working,VB
15,5,title,NN
15,5,and,CC
15,5,table,NN
15,5,of,IN
15,5,organization,NN
15,5,to,TO
15,5,determine,VB
15,5,whether,IN
15,5,an,DT
15,5,employee,NN
15,5,is,VB
15,5,chief,NN
15,5,assistant,NN
