,Article #,Sentence #,Word,POS
0,1.0,1.0,prior,RB
1,1.0,1.0,to,TO
2,1.0,1.0,april,VB
3,1.0,1.0,2014,CD
4,1.0,1.0,salary,JJ
5,1.0,1.0,range,NN
6,1.0,1.0,for,IN
7,1.0,1.0,employee,NN
8,1.0,1.0,consist,NN
9,1.0,1.0,of,IN
10,1.0,1.0,five,CD
11,1.0,1.0,step,NNS
12,1.0,1.0,each,DT
13,1.0,1.0,separated,VBN
14,1.0,1.0,by,IN
15,1.0,1.0,approximately,RB
16,1.0,1.0,five,CD
17,1.0,1.0,and,CC
18,1.0,1.0,one-half,JJ
19,1.0,1.0,percent,NN
20,1.0,1.0,5.5,CD
21,1.0,1.0,%,NN
22,1.0,1.0,illustrated,VBN
23,1.0,1.0,in,IN
24,1.0,1.0,range,NN
25,1.0,1.0,table,NN
26,1.0,1.0,of,IN
27,1.0,1.0,this,DT
28,1.0,1.0,mou,NN
29,1.0,2.0,effective,JJ
30,1.0,2.0,april,NN
31,1.0,2.0,2014,CD
32,1.0,2.0,salary,JJ
33,1.0,2.0,range,NN
34,1.0,2.0,shall,MD
35,1.0,2.0,consist,VB
36,1.0,2.0,of,IN
37,1.0,2.0,fifteen,JJ
38,1.0,2.0,step,NN
39,1.0,2.0,each,DT
40,1.0,2.0,separated,VBN
41,1.0,2.0,by,IN
42,1.0,2.0,approximately,RB
43,1.0,2.0,two,CD
44,1.0,2.0,and,CC
45,1.0,2.0,three-quarter,JJ
46,1.0,2.0,percent,NN
47,1.0,2.0,2.75,CD
48,1.0,2.0,%,NN
49,1.0,2.0,illustrated,VBN
50,1.0,2.0,in,IN
51,1.0,2.0,range,NN
52,1.0,2.0,table,NN
53,1.0,2.0,of,IN
54,1.0,2.0,this,DT
55,1.0,2.0,mou,NN
56,1.0,3.0,the,DT
57,1.0,3.0,following,JJ
58,1.0,3.0,salary,JJ
59,1.0,3.0,step,NN
60,1.0,3.0,movement,NN
61,1.0,3.0,will,MD
62,1.0,3.0,apply,VB
63,1.0,3.0,during,IN
64,1.0,3.0,the,DT
65,1.0,3.0,term,NN
66,1.0,3.0,of,IN
67,1.0,3.0,this,DT
68,1.0,3.0,mou,NN
69,1.0,4.0,employees,NNS
70,1.0,4.0,who,WP
71,1.0,4.0,are,VBP
72,1.0,4.0,not,RB
73,1.0,4.0,on,IN
74,1.0,4.0,the,DT
75,1.0,4.0,top,JJ
76,1.0,4.0,step,NN
77,1.0,4.0,of,IN
78,1.0,4.0,salary,JJ
79,1.0,4.0,range,NN
80,1.0,4.0,of,IN
81,1.0,4.0,april,NN
82,1.0,4.0,2014,CD
83,1.0,4.0,one,CD
84,1.0,4.0,step,NN
85,1.0,4.0,advancement,NN
86,1.0,4.0,on,IN
87,1.0,4.0,april,NN
88,1.0,4.0,20,CD
89,1.0,4.0,2014,CD
90,1.0,4.0,beginning,NN
91,1.0,4.0,of,IN
92,1.0,4.0,pay,NN
93,1.0,4.0,period,NN
94,1.0,4.0,22,CD
95,1.0,4.0,in,IN
96,1.0,4.0,fy2013-14,JJ
97,1.0,4.0,one,CD
98,1.0,4.0,step,NN
99,1.0,4.0,advancement,NN
100,1.0,4.0,on,IN
101,1.0,4.0,july,NN
102,1.0,4.0,13,CD
103,1.0,4.0,2014,CD
104,1.0,4.0,beginning,NN
105,1.0,4.0,of,IN
106,1.0,4.0,pay,NN
107,1.0,4.0,period,NN
108,1.0,4.0,in,IN
109,1.0,4.0,fy2014-15,JJ
110,1.0,4.0,one,CD
111,1.0,4.0,step,NN
112,1.0,4.0,advancement,NN
113,1.0,4.0,on,IN
114,1.0,4.0,july,NN
115,1.0,4.0,12,CD
116,1.0,4.0,2015,CD
117,1.0,4.0,beginning,NN
118,1.0,4.0,of,IN
119,1.0,4.0,pay,NN
120,1.0,4.0,period,NN
121,1.0,4.0,in,IN
122,1.0,4.0,fy2015-16,JJ
123,1.0,4.0,employees,NNS
124,1.0,4.0,who,WP
125,1.0,4.0,are,VBP
126,1.0,4.0,on,IN
127,1.0,4.0,the,DT
128,1.0,4.0,top,JJ
129,1.0,4.0,step,NN
130,1.0,4.0,of,IN
131,1.0,4.0,salary,JJ
132,1.0,4.0,range,NN
133,1.0,4.0,of,IN
134,1.0,4.0,june,NN
135,1.0,4.0,28,CD
136,1.0,4.0,2014,CD
137,1.0,4.0,one,CD
138,1.0,4.0,step,NN
139,1.0,4.0,advancement,NN
140,1.0,4.0,on,IN
141,1.0,4.0,july,NN
142,1.0,4.0,13,CD
143,1.0,4.0,2014,CD
144,1.0,4.0,beginning,NN
145,1.0,4.0,of,IN
146,1.0,4.0,pay,NN
147,1.0,4.0,period,NN
148,1.0,4.0,in,IN
149,1.0,4.0,fy2014-15,JJ
150,1.0,4.0,one,CD
151,1.0,4.0,step,NN
152,1.0,4.0,advancement,NN
153,1.0,4.0,on,IN
154,1.0,4.0,january,JJ
155,1.0,4.0,11,CD
156,1.0,4.0,2015,CD
157,1.0,4.0,beginning,NN
158,1.0,4.0,of,IN
159,1.0,4.0,pay,NN
160,1.0,4.0,period,NN
161,1.0,4.0,15,CD
162,1.0,4.0,in,IN
163,1.0,4.0,fy2014-15,JJ
164,1.0,4.0,one,CD
165,1.0,4.0,step,NN
166,1.0,4.0,advancement,NN
167,1.0,4.0,on,IN
168,1.0,4.0,july,NN
169,1.0,4.0,12,CD
170,1.0,4.0,2015,CD
171,1.0,4.0,beginning,NN
172,1.0,4.0,of,IN
173,1.0,4.0,pay,NN
174,1.0,4.0,period,NN
175,1.0,4.0,in,IN
176,1.0,4.0,fy2015-16,JJ
177,1.0,4.0,classifications,NNS
178,1.0,4.0,for,IN
179,1.0,4.0,which,WDT
180,1.0,4.0,compensation,NN
181,1.0,4.0,is,VBZ
182,1.0,4.0,set,VBN
183,1.0,4.0,at,IN
184,1.0,4.0,fixed,JJ
185,1.0,4.0,amount,NN
186,1.0,4.0,flat,JJ
187,1.0,4.0,rated,VBN
188,1.0,4.0,shall,MD
189,1.0,4.0,receive,VB
190,1.0,4.0,equivalent,JJ
191,1.0,4.0,salary,JJ
192,1.0,4.0,adjustment,NN
193,1.0,4.0,at,IN
194,1.0,4.0,the,DT
195,1.0,4.0,time,NN
196,1.0,4.0,specified,VBN
197,1.0,4.0,above,IN
198,1.0,4.0,for,IN
199,1.0,4.0,employee,NN
200,1.0,4.0,on,IN
201,1.0,4.0,the,DT
202,1.0,4.0,top,JJ
203,1.0,4.0,step,NN
204,1.0,4.0,of,IN
205,1.0,4.0,salary,JJ
206,1.0,4.0,range,NN
207,1.0,4.0,of,IN
208,1.0,4.0,june,NN
209,1.0,4.0,29,CD
210,1.0,4.0,2014,CD
211,1.0,4.0,unless,IN
212,1.0,4.0,negotiated,VBN
213,1.0,4.0,otherwise,RB
214,1.0,4.0,or,CC
215,1.0,4.0,in,IN
216,1.0,4.0,accordance,NN
217,1.0,4.0,with,IN
218,1.0,4.0,provision,NN
219,1.0,4.0,of,IN
220,1.0,4.0,the,DT
221,1.0,4.0,laac,NN
222,1.0,5.0,anniversary,JJ
223,1.0,5.0,date,NN
224,1.0,5.0,for,IN
225,1.0,5.0,all,DT
226,1.0,5.0,bargaining,NN
227,1.0,5.0,unit,NN
228,1.0,5.0,member,NN
229,1.0,5.0,shall,MD
230,1.0,5.0,be,VB
231,1.0,5.0,frozen,VBN
232,1.0,5.0,on,IN
233,1.0,5.0,april,NN
234,1.0,5.0,2014,CD
235,1.0,5.0,and,CC
236,1.0,5.0,shall,MD
237,1.0,5.0,be,VB
238,1.0,5.0,unfrozen,JJ
239,1.0,5.0,on,IN
240,1.0,5.0,july,NN
241,1.0,5.0,13,CD
242,1.0,5.0,2015,CD
243,1.0,6.0,effective,JJ
244,1.0,6.0,december,NN
245,1.0,6.0,13,CD
246,1.0,6.0,2015,CD
247,1.0,6.0,through,IN
248,1.0,6.0,june,NN
249,1.0,6.0,25,CD
250,1.0,6.0,2016,CD
251,1.0,6.0,each,DT
252,1.0,6.0,bargaining,NN
253,1.0,6.0,unit,NN
254,1.0,6.0,member,NN
255,1.0,6.0,shall,MD
256,1.0,6.0,receive,VB
257,1.0,6.0,on,IN
258,1.0,6.0,biweekly,JJ
259,1.0,6.0,basis,NN
260,1.0,6.0,1.5,CD
261,1.0,6.0,%,NN
262,1.0,6.0,add,NN
263,1.0,6.0,to,TO
264,1.0,6.0,pay,VB
265,1.0,6.0,bonus,NN
266,1.0,6.0,of,IN
267,1.0,6.0,his,PRP$
268,1.0,6.0,or,CC
269,1.0,6.0,her,PRP$
270,1.0,6.0,base,JJ
271,1.0,6.0,hourly,JJ
272,1.0,6.0,rate,NN
273,1.0,7.0,this,DT
274,1.0,7.0,bonus,NN
275,1.0,7.0,is,VBZ
276,1.0,7.0,non-pensionable,JJ
277,1.0,7.0,and,CC
278,1.0,7.0,doe,JJ
279,1.0,7.0,not,RB
280,1.0,7.0,affect,JJ
281,1.0,7.0,unit,NN
282,1.0,7.0,member,NN
283,1.0,7.0,permanent,JJ
284,1.0,7.0,rate,NN
285,1.0,8.0,effective,JJ
286,1.0,8.0,june,NN
287,1.0,8.0,26,CD
288,1.0,8.0,2016,CD
289,1.0,8.0,the,DT
290,1.0,8.0,following,VBG
291,1.0,8.0,action,NN
292,1.0,8.0,shall,MD
293,1.0,8.0,be,VB
294,1.0,8.0,implemented,VBN
295,1.0,8.0,in,IN
296,1.0,8.0,the,DT
297,1.0,8.0,order,NN
298,1.0,8.0,enumerated,VBD
299,1.0,8.0,the,DT
300,1.0,8.0,1.5,CD
301,1.0,8.0,%,NN
302,1.0,8.0,add,NN
303,1.0,8.0,to,TO
304,1.0,8.0,pay,VB
305,1.0,8.0,bonus,NN
306,1.0,8.0,described,VBN
307,1.0,8.0,immediately,RB
308,1.0,8.0,above,IN
309,1.0,8.0,shall,MD
310,1.0,8.0,be,VB
311,1.0,8.0,eliminated,VBN
312,1.0,9.0,base,NN
313,1.0,9.0,hourly,NN
314,1.0,9.0,wage,NN
315,1.0,9.0,for,IN
316,1.0,9.0,all,DT
317,1.0,9.0,unit,NN
318,1.0,9.0,employee,NN
319,1.0,9.0,shall,MD
320,1.0,9.0,be,VB
321,1.0,9.0,increased,VBN
322,1.0,9.0,by,IN
323,1.0,9.0,1.5,CD
324,1.0,9.0,%,NN
325,1.0,9.0,base,NN
326,1.0,9.0,hourly,JJ
327,1.0,9.0,wage,NN
328,1.0,9.0,for,IN
329,1.0,9.0,all,DT
330,1.0,9.0,unit,NN
331,1.0,9.0,employee,NN
332,1.0,9.0,shall,MD
333,1.0,9.0,be,VB
334,1.0,9.0,increased,VBN
335,1.0,9.0,by,IN
336,1.0,9.0,2.25,CD
337,1.0,9.0,%,NN
338,1.0,9.0,effective,JJ
339,1.0,9.0,june,NN
340,1.0,9.0,25,CD
341,1.0,9.0,2017,CD
342,1.0,9.0,base,NN
343,1.0,9.0,hourly,JJ
344,1.0,9.0,wage,NN
345,1.0,9.0,for,IN
346,1.0,9.0,all,DT
347,1.0,9.0,unit,NN
348,1.0,9.0,employee,NN
349,1.0,9.0,shall,MD
350,1.0,9.0,be,VB
351,1.0,9.0,increased,VBN
352,1.0,9.0,by,IN
353,1.0,9.0,2.25,CD
354,1.0,9.0,%,NN
355,1.0,9.0,effective,JJ
356,1.0,9.0,june,NN
357,1.0,9.0,24,CD
358,1.0,9.0,2018,CD
359,1.0,9.0,base,NN
360,1.0,9.0,hourly,JJ
361,1.0,9.0,wage,NN
362,1.0,9.0,for,IN
363,1.0,9.0,all,DT
364,1.0,9.0,unit,NN
365,1.0,9.0,employee,NN
366,1.0,9.0,shall,MD
367,1.0,9.0,be,VB
368,1.0,9.0,increased,VBN
369,1.0,9.0,by,IN
370,1.0,9.0,2.25,CD
371,1.0,9.0,%,NN
372,1.0,9.0,from,IN
373,1.0,9.0,june,NN
374,1.0,9.0,24,CD
375,1.0,9.0,2018,CD
376,1.0,9.0,through,IN
377,1.0,9.0,june,NN
378,1.0,9.0,22,CD
379,1.0,9.0,2019,CD
380,1.0,9.0,if,IN
381,1.0,9.0,the,DT
382,1.0,9.0,city,NN
383,1.0,9.0,authorizes,VBZ
384,1.0,9.0,base,NN
385,1.0,9.0,wage,NN
386,1.0,9.0,compensation,NN
387,1.0,9.0,increase,NN
388,1.0,9.0,for,IN
389,1.0,9.0,all,DT
390,1.0,9.0,classification,NN
391,1.0,9.0,represented,VBN
392,1.0,9.0,in,IN
393,1.0,9.0,any,DT
394,1.0,9.0,single,JJ
395,1.0,9.0,civilian,JJ
396,1.0,9.0,bargaining,NN
397,1.0,9.0,unit—,JJ
398,1.0,9.0,exclusive,JJ
399,1.0,9.0,of,IN
400,1.0,9.0,all,DT
401,1.0,9.0,represented,VBN
402,1.0,9.0,classification,NN
403,1.0,9.0,employed,VBN
404,1.0,9.0,by,IN
405,1.0,9.0,the,DT
406,1.0,9.0,department,NN
407,1.0,9.0,of,IN
408,1.0,9.0,water,NN
409,1.0,9.0,and,CC
410,1.0,9.0,power,NN
411,1.0,9.0,all,DT
412,1.0,9.0,elected,VBN
413,1.0,9.0,official,NN
414,1.0,9.0,or,CC
415,1.0,9.0,classification,NN
416,1.0,9.0,whose,WP$
417,1.0,9.0,salary,JJ
418,1.0,9.0,are,VBP
419,1.0,9.0,set,VBN
420,1.0,9.0,by,IN
421,1.0,9.0,charter,NN
422,1.0,9.0,and,CC
423,1.0,9.0,all,DT
424,1.0,9.0,non-represented,JJ
425,1.0,9.0,classifications—then,NN
426,1.0,9.0,the,DT
427,1.0,9.0,same,JJ
428,1.0,9.0,base,NN
429,1.0,9.0,wage,NN
430,1.0,9.0,compensation,NN
431,1.0,9.0,increase,NN
432,1.0,9.0,shall,MD
433,1.0,9.0,be,VB
434,1.0,9.0,made,VBN
435,1.0,9.0,to,TO
436,1.0,9.0,classification,NN
437,1.0,9.0,represented,VBN
438,1.0,9.0,in,IN
439,1.0,9.0,this,DT
440,1.0,9.0,mou,JJ
441,1.0,9.0,effective,JJ
442,1.0,9.0,on,IN
443,1.0,9.0,the,DT
444,1.0,9.0,same,JJ
445,1.0,9.0,day,NN
446,1.0,10.0,if,IN
447,1.0,10.0,base,NN
448,1.0,10.0,wage,NN
449,1.0,10.0,compensation,NN
450,1.0,10.0,increase,NN
451,1.0,10.0,are,VBP
452,1.0,10.0,authorized,VBN
453,1.0,10.0,for,IN
454,1.0,10.0,multiple,JJ
455,1.0,10.0,bargaining,NN
456,1.0,10.0,unit,NN
457,1.0,10.0,the,DT
458,1.0,10.0,highest,JJS
459,1.0,10.0,increase,NN
460,1.0,10.0,shall,MD
461,1.0,10.0,be,VB
462,1.0,10.0,administered,VBN
463,1.0,10.0,to,TO
464,1.0,10.0,classification,NN
465,1.0,10.0,represented,VBN
466,1.0,10.0,in,IN
467,1.0,10.0,this,DT
468,1.0,10.0,mou,NN
469,1.0,11.0,increases,NNS
470,1.0,11.0,for,IN
471,1.0,11.0,only,RB
472,1.0,11.0,one,CD
473,1.0,11.0,bargaining,NN
474,1.0,11.0,unit,NN
475,1.0,11.0,shall,MD
476,1.0,11.0,be,VB
477,1.0,11.0,applied,VBN
478,1.0,11.0,to,TO
479,1.0,11.0,classification,NN
480,1.0,11.0,represented,VBN
481,1.0,11.0,in,IN
482,1.0,11.0,this,DT
483,1.0,11.0,mou,NN
484,1.0,12.0,this,DT
485,1.0,12.0,article,NN
486,1.0,12.0,shall,MD
487,1.0,12.0,expire,VB
488,1.0,12.0,at,IN
489,1.0,12.0,the,DT
490,1.0,12.0,close,NN
491,1.0,12.0,of,IN
492,1.0,12.0,business,NN
493,1.0,12.0,on,IN
494,1.0,12.0,june,NN
495,1.0,12.0,22,CD
496,1.0,12.0,2019,CD
497,1.0,12.0,and,CC
498,1.0,12.0,shall,MD
499,1.0,12.0,not,RB
500,1.0,12.0,continue,VB
501,1.0,12.0,unless,IN
502,1.0,12.0,mutually,RB
503,1.0,12.0,agreed,VBN
504,1.0,12.0,to,TO
505,1.0,12.0,in,IN
506,1.0,12.0,successor,NN
507,1.0,12.0,mou,NN
508,2.0,1.0,section,NN
509,2.0,1.0,distribution,NN
510,2.0,1.0,of,IN
511,2.0,1.0,overtime,JJ
512,2.0,1.0,management,NN
513,2.0,1.0,will,MD
514,2.0,1.0,attempt,VB
515,2.0,1.0,to,TO
516,2.0,1.0,assign,VB
517,2.0,1.0,overtime,JJ
518,2.0,1.0,work,NN
519,2.0,1.0,equitably,RB
520,2.0,1.0,possible,JJ
521,2.0,1.0,among,IN
522,2.0,1.0,all,DT
523,2.0,1.0,qualified,VBN
524,2.0,1.0,employee,NN
525,2.0,1.0,in,IN
526,2.0,1.0,the,DT
527,2.0,1.0,same,JJ
528,2.0,1.0,classification,NN
529,2.0,1.0,in,IN
530,2.0,1.0,the,DT
531,2.0,1.0,same,JJ
532,2.0,1.0,organizational,JJ
533,2.0,1.0,unit,NN
534,2.0,1.0,and,CC
535,2.0,1.0,work,NN
536,2.0,1.0,location,NN
537,2.0,2.0,however,RB
538,2.0,2.0,management,NN
539,2.0,2.0,may,MD
540,2.0,2.0,consider,VB
541,2.0,2.0,special,JJ
542,2.0,2.0,skill,NN
543,2.0,2.0,required,VBN
544,2.0,2.0,to,TO
545,2.0,2.0,perform,VB
546,2.0,2.0,particular,JJ
547,2.0,2.0,work,NN
548,2.0,3.0,no,DT
549,2.0,3.0,employee,NN
550,2.0,3.0,shall,MD
551,2.0,3.0,work,VB
552,2.0,3.0,overtime,RB
553,2.0,3.0,without,IN
554,2.0,3.0,prior,JJ
555,2.0,3.0,approval,NN
556,2.0,3.0,from,IN
557,2.0,3.0,his,PRP$
558,2.0,3.0,or,CC
559,2.0,3.0,her,PRP$
560,2.0,3.0,supervisor,NN
561,2.0,4.0,flsa,JJ
562,2.0,4.0,non-exempt,JJ
563,2.0,4.0,employee,NN
564,2.0,4.0,may,MD
565,2.0,4.0,not,RB
566,2.0,4.0,work,VB
567,2.0,4.0,outside,IN
568,2.0,4.0,of,IN
569,2.0,4.0,scheduled,JJ
570,2.0,4.0,working,VBG
571,2.0,4.0,hour,NN
572,2.0,4.0,or,CC
573,2.0,4.0,during,IN
574,2.0,4.0,unpaid,JJ
575,2.0,4.0,meal,JJ
576,2.0,4.0,period,NN
577,2.0,4.0,without,IN
578,2.0,4.0,the,DT
579,2.0,4.0,prior,JJ
580,2.0,4.0,approval,NN
581,2.0,4.0,of,IN
582,2.0,4.0,supervisor,NN
583,2.0,4.0,consistent,JJ
584,2.0,4.0,with,IN
585,2.0,4.0,department,NN
586,2.0,4.0,policy,NN
587,2.0,5.0,failure,NN
588,2.0,5.0,to,TO
589,2.0,5.0,secure,VB
590,2.0,5.0,prior,JJ
591,2.0,5.0,approval,NN
592,2.0,5.0,may,MD
593,2.0,5.0,result,VB
594,2.0,5.0,in,IN
595,2.0,5.0,discipline,NN
596,2.0,6.0,working,VBG
597,2.0,6.0,and,CC
598,2.0,6.0,not,RB
599,2.0,6.0,recording,VBG
600,2.0,6.0,the,DT
601,2.0,6.0,time,NN
602,2.0,6.0,is,VBZ
603,2.0,6.0,similarly,RB
604,2.0,6.0,prohibited,VBN
605,2.0,7.0,section,NN
606,2.0,7.0,ii,VBZ
607,2.0,7.0,non-emergency,NN
608,2.0,7.0,overtime,NN
609,2.0,7.0,whenever,WRB
610,2.0,7.0,management,NN
611,2.0,7.0,deems,VBZ
612,2.0,7.0,it,PRP
613,2.0,7.0,necessary,JJ
614,2.0,7.0,to,TO
615,2.0,7.0,perform,VB
616,2.0,7.0,non-emergency,JJ
617,2.0,7.0,work,NN
618,2.0,7.0,on,IN
619,2.0,7.0,an,DT
620,2.0,7.0,overtime,JJ
621,2.0,7.0,basis,NN
622,2.0,7.0,employee,NN
623,2.0,7.0,required,VBN
624,2.0,7.0,to,TO
625,2.0,7.0,work,VB
626,2.0,7.0,will,MD
627,2.0,7.0,be,VB
628,2.0,7.0,given,VBN
629,2.0,7.0,at,IN
630,2.0,7.0,least,JJS
631,2.0,7.0,48,CD
632,2.0,7.0,hour,NN
633,2.0,7.0,notice,NN
634,2.0,8.0,section,NN
635,2.0,8.0,iii,NN
636,2.0,8.0,rate,NN
637,2.0,8.0,and,CC
638,2.0,8.0,method,NN
639,2.0,8.0,of,IN
640,2.0,8.0,compensation,NN
641,2.0,8.0,flsa,JJ
642,2.0,8.0,non-exempt,JJ
643,2.0,8.0,employees,NNS
644,2.0,8.0,compensation,NN
645,2.0,8.0,for,IN
646,2.0,8.0,overtime,NN
647,2.0,8.0,worked,VBN
648,2.0,8.0,by,IN
649,2.0,8.0,employee,NN
650,2.0,8.0,in,IN
651,2.0,8.0,classification,NN
652,2.0,8.0,listed,VBN
653,2.0,8.0,in,IN
654,2.0,8.0,appendix,NN
655,2.0,8.0,herein,NN
656,2.0,8.0,shall,MD
657,2.0,8.0,be,VB
658,2.0,8.0,for,IN
659,2.0,8.0,all,DT
660,2.0,8.0,hour,NN
661,2.0,8.0,worked,VBN
662,2.0,8.0,in,IN
663,2.0,8.0,excess,NN
664,2.0,8.0,of,IN
665,2.0,8.0,40,CD
666,2.0,8.0,hour,NN
667,2.0,8.0,in,IN
668,2.0,8.0,workweek,NN
669,2.0,9.0,management,NN
670,2.0,9.0,shall,MD
671,2.0,9.0,have,VB
672,2.0,9.0,the,DT
673,2.0,9.0,discretion,NN
674,2.0,9.0,to,TO
675,2.0,9.0,determine,VB
676,2.0,9.0,whether,IN
677,2.0,9.0,overtime,JJ
678,2.0,9.0,compensation,NN
679,2.0,9.0,shall,MD
680,2.0,9.0,be,VB
681,2.0,9.0,in,IN
682,2.0,9.0,cash,NN
683,2.0,9.0,or,CC
684,2.0,9.0,time-off,NN
685,2.0,10.0,overtime,JJ
686,2.0,10.0,compensation,NN
687,2.0,10.0,shall,MD
688,2.0,10.0,be,VB
689,2.0,10.0,in,IN
690,2.0,10.0,time,NN
691,2.0,10.0,off,RP
692,2.0,10.0,at,IN
693,2.0,10.0,the,DT
694,2.0,10.0,rate,NN
695,2.0,10.0,of,IN
696,2.0,10.0,one,CD
697,2.0,10.0,and,CC
698,2.0,10.0,one-half,JJ
699,2.0,10.0,1½,CD
700,2.0,10.0,hour,NN
701,2.0,10.0,for,IN
702,2.0,10.0,each,DT
703,2.0,10.0,hour,NN
704,2.0,10.0,of,IN
705,2.0,10.0,overtime,NN
706,2.0,10.0,worked,VBN
707,2.0,10.0,or,CC
708,2.0,10.0,at,IN
709,2.0,10.0,the,DT
710,2.0,10.0,rate,NN
711,2.0,10.0,of,IN
712,2.0,10.0,one,CD
713,2.0,10.0,and,CC
714,2.0,10.0,one-half,JJ
715,2.0,10.0,1½,CD
716,2.0,10.0,time,NN
717,2.0,10.0,the,DT
718,2.0,10.0,employee,NN
719,2.0,10.0,'s,POS
720,2.0,10.0,regular,JJ
721,2.0,10.0,rate,NN
722,2.0,10.0,of,IN
723,2.0,10.0,pay,NN
724,2.0,11.0,section,NN
725,2.0,11.0,iv,NN
726,2.0,11.0,compensated,VBD
727,2.0,11.0,time,NN
728,2.0,11.0,off,IN
729,2.0,11.0,employees,NNS
730,2.0,11.0,may,MD
731,2.0,11.0,subject,VB
732,2.0,11.0,to,TO
733,2.0,11.0,management,NN
734,2.0,11.0,discretion,NN
735,2.0,11.0,be,VB
736,2.0,11.0,permitted,VBN
737,2.0,11.0,to,TO
738,2.0,11.0,accumulate,VB
739,2.0,11.0,up,RP
740,2.0,11.0,to,TO
741,2.0,11.0,80,CD
742,2.0,11.0,hour,NN
743,2.0,11.0,of,IN
744,2.0,11.0,compensatory,JJ
745,2.0,11.0,time,NN
746,2.0,11.0,off,RP
747,2.0,11.0,cto,NN
748,2.0,11.0,occasionally,RB
749,2.0,11.0,employee,NN
750,2.0,11.0,may,MD
751,2.0,11.0,accumulate,VB
752,2.0,11.0,cto,NN
753,2.0,11.0,in,IN
754,2.0,11.0,excess,NN
755,2.0,11.0,of,IN
756,2.0,11.0,80,CD
757,2.0,11.0,hour,NN
758,2.0,11.0,for,IN
759,2.0,11.0,temporary,JJ
760,2.0,11.0,period,NN
761,2.0,11.0,of,IN
762,2.0,11.0,time,NN
763,2.0,11.0,not,RB
764,2.0,11.0,to,TO
765,2.0,11.0,exceed,VB
766,2.0,11.0,an,DT
767,2.0,11.0,additional,JJ
768,2.0,11.0,fiscal,JJ
769,2.0,11.0,year,NN
770,2.0,12.0,if,IN
771,2.0,12.0,an,DT
772,2.0,12.0,employee,NN
773,2.0,12.0,doe,NN
774,2.0,12.0,not,RB
775,2.0,12.0,schedule,JJ
776,2.0,12.0,and,CC
777,2.0,12.0,take,VB
778,2.0,12.0,cto,NN
779,2.0,12.0,over,IN
780,2.0,12.0,80,CD
781,2.0,12.0,hour,NN
782,2.0,12.0,prior,RB
783,2.0,12.0,to,TO
784,2.0,12.0,the,DT
785,2.0,12.0,end,NN
786,2.0,12.0,of,IN
787,2.0,12.0,the,DT
788,2.0,12.0,fiscal,JJ
789,2.0,12.0,year,NN
790,2.0,12.0,management,NN
791,2.0,12.0,may,MD
792,2.0,12.0,require,VB
793,2.0,12.0,employee,NN
794,2.0,12.0,to,TO
795,2.0,12.0,use,VB
796,2.0,12.0,cto,JJ
797,2.0,12.0,prior,RB
798,2.0,12.0,to,TO
799,2.0,12.0,the,DT
800,2.0,12.0,end,NN
801,2.0,12.0,of,IN
802,2.0,12.0,the,DT
803,2.0,12.0,fiscal,JJ
804,2.0,12.0,year,NN
805,2.0,12.0,require,VBP
806,2.0,12.0,employee,NN
807,2.0,12.0,to,TO
808,2.0,12.0,use,VB
809,2.0,12.0,such,JJ
810,2.0,12.0,time,NN
811,2.0,12.0,in,IN
812,2.0,12.0,lieu,NN
813,2.0,12.0,of,IN
814,2.0,12.0,vacation,NN
815,2.0,12.0,unless,IN
816,2.0,12.0,the,DT
817,2.0,12.0,mandatory,JJ
818,2.0,12.0,use,NN
819,2.0,12.0,of,IN
820,2.0,12.0,cto,NN
821,2.0,12.0,would,MD
822,2.0,12.0,result,VB
823,2.0,12.0,in,IN
824,2.0,12.0,the,DT
825,2.0,12.0,loss,NN
826,2.0,12.0,of,IN
827,2.0,12.0,vacation,NN
828,2.0,12.0,accumulation,NN
829,2.0,12.0,or,CC
830,2.0,12.0,other,JJ
831,2.0,12.0,leave,JJ
832,2.0,12.0,time,NN
833,2.0,12.0,or,CC
834,2.0,12.0,authorize,VB
835,2.0,12.0,cash,NN
836,2.0,12.0,payment,NN
837,2.0,13.0,in,IN
838,2.0,13.0,the,DT
839,2.0,13.0,event,NN
840,2.0,13.0,sufficient,NN
841,2.0,13.0,fund,NN
842,2.0,13.0,are,VBP
843,2.0,13.0,not,RB
844,2.0,13.0,available,JJ
845,2.0,13.0,to,TO
846,2.0,13.0,provide,VB
847,2.0,13.0,cash,NN
848,2.0,13.0,compensation,NN
849,2.0,13.0,for,IN
850,2.0,13.0,all,DT
851,2.0,13.0,or,CC
852,2.0,13.0,portion,NN
853,2.0,13.0,of,IN
854,2.0,13.0,the,DT
855,2.0,13.0,cto,JJ
856,2.0,13.0,hour,NN
857,2.0,13.0,in,IN
858,2.0,13.0,excess,NN
859,2.0,13.0,of,IN
860,2.0,13.0,80,CD
861,2.0,13.0,management,NN
862,2.0,13.0,may,MD
863,2.0,13.0,extend,VB
864,2.0,13.0,the,DT
865,2.0,13.0,time,NN
866,2.0,13.0,limit,NN
867,2.0,13.0,for,IN
868,2.0,13.0,period,NN
869,2.0,13.0,not,RB
870,2.0,13.0,to,TO
871,2.0,13.0,exceed,VB
872,2.0,13.0,one,CD
873,2.0,13.0,additional,JJ
874,2.0,13.0,fiscal,JJ
875,2.0,13.0,year,NN
876,2.0,14.0,in,IN
877,2.0,14.0,accordance,NN
878,2.0,14.0,with,IN
879,2.0,14.0,flsa,JJ
880,2.0,14.0,no,DT
881,2.0,14.0,employee,NN
882,2.0,14.0,shall,MD
883,2.0,14.0,lose,VB
884,2.0,14.0,cto,NN
885,2.0,15.0,an,DT
886,2.0,15.0,employee,NN
887,2.0,15.0,who,WP
888,2.0,15.0,ha,VBZ
889,2.0,15.0,requested,VBD
890,2.0,15.0,the,DT
891,2.0,15.0,use,NN
892,2.0,15.0,of,IN
893,2.0,15.0,cto,NN
894,2.0,15.0,must,MD
895,2.0,15.0,be,VB
896,2.0,15.0,permitted,VBN
897,2.0,15.0,by,IN
898,2.0,15.0,management,NN
899,2.0,15.0,to,TO
900,2.0,15.0,use,VB
901,2.0,15.0,such,JJ
902,2.0,15.0,time,NN
903,2.0,15.0,within,IN
904,2.0,15.0,reasonable,JJ
905,2.0,15.0,time,NN
906,2.0,15.0,period,NN
907,2.0,15.0,after,IN
908,2.0,15.0,making,VBG
909,2.0,15.0,the,DT
910,2.0,15.0,request,NN
911,2.0,15.0,unless,IN
912,2.0,15.0,the,DT
913,2.0,15.0,use,NN
914,2.0,15.0,of,IN
915,2.0,15.0,the,DT
916,2.0,15.0,cto,NN
917,2.0,15.0,within,IN
918,2.0,15.0,reasonable,JJ
919,2.0,15.0,period,NN
920,2.0,15.0,would,MD
921,2.0,15.0,unduly,VB
922,2.0,15.0,disrupt,VB
923,2.0,15.0,the,DT
924,2.0,15.0,operation,NN
925,2.0,15.0,of,IN
926,2.0,15.0,the,DT
927,2.0,15.0,city,NN
928,2.0,15.0,department,NN
929,2.0,16.0,this,DT
930,2.0,16.0,standard,JJ
931,2.0,16.0,doe,NN
932,2.0,16.0,not,RB
933,2.0,16.0,apply,VB
934,2.0,16.0,to,TO
935,2.0,16.0,non-flsa,JJ
936,2.0,16.0,overtime,NN
937,2.0,16.0,i.e.,NN
938,2.0,16.0,overtime,NN
939,2.0,16.0,earned,VBN
940,2.0,16.0,pursuant,NN
941,2.0,16.0,to,TO
942,2.0,16.0,this,DT
943,2.0,16.0,agreement,NN
944,2.0,16.0,that,WDT
945,2.0,16.0,doe,VBZ
946,2.0,16.0,not,RB
947,2.0,16.0,meet,VB
948,2.0,16.0,the,DT
949,2.0,16.0,flsa,JJ
950,2.0,16.0,definition,NN
951,2.0,16.0,of,IN
952,2.0,16.0,overtime,NN
953,2.0,16.0,under,IN
954,2.0,16.0,no,DT
955,2.0,16.0,circumstance,NN
956,2.0,16.0,shall,MD
957,2.0,16.0,compensated,VBD
958,2.0,16.0,time,NN
959,2.0,16.0,off,RP
960,2.0,16.0,in,IN
961,2.0,16.0,excess,NN
962,2.0,16.0,of,IN
963,2.0,16.0,240,CD
964,2.0,16.0,hour,NN
965,2.0,16.0,be,VB
966,2.0,16.0,accumulated,VBN
967,3.0,1.0,notwithstanding,VBG
968,3.0,1.0,the,DT
969,3.0,1.0,provision,NN
970,3.0,1.0,of,IN
971,3.0,1.0,note,NN
972,3.0,1.0,of,IN
973,3.0,1.0,schedule,NN
974,3.0,1.0,of,IN
975,3.0,1.0,laac,JJ
976,3.0,1.0,section,NN
977,3.0,1.0,4.61,CD
978,3.0,1.0,any,DT
979,3.0,1.0,employee,NN
980,3.0,1.0,when,WRB
981,3.0,1.0,required,VBN
982,3.0,1.0,to,TO
983,3.0,1.0,work,VB
984,3.0,1.0,fifty,JJ
985,3.0,1.0,percent,JJ
986,3.0,1.0,50,CD
987,3.0,1.0,%,NN
988,3.0,1.0,or,CC
989,3.0,1.0,more,JJR
990,3.0,1.0,of,IN
991,3.0,1.0,his/her,JJR
992,3.0,1.0,time,NN
993,3.0,1.0,during,IN
994,3.0,1.0,his/her,JJR
995,3.0,1.0,regular,JJ
996,3.0,1.0,shift,NN
997,3.0,1.0,on,IN
998,3.0,1.0,any,DT
999,3.0,1.0,one,CD
1000,3.0,1.0,day,NN
1001,3.0,1.0,between,IN
1002,3.0,1.0,the,DT
1003,3.0,1.0,hour,NN
1004,3.0,1.0,of,IN
1005,3.0,1.0,5:00,CD
1006,3.0,1.0,p.m.,NN
1007,3.0,1.0,and,CC
1008,3.0,1.0,8:00,CD
1009,3.0,1.0,a.m.,RB
1010,3.0,1.0,shall,MD
1011,3.0,1.0,receive,VB
1012,3.0,1.0,for,IN
1013,3.0,1.0,each,DT
1014,3.0,1.0,such,JJ
1015,3.0,1.0,day,NN
1016,3.0,1.0,worked,VBD
1017,3.0,1.0,non-pensionable,JJ
1018,3.0,1.0,add,NN
1019,3.0,1.0,to,TO
1020,3.0,1.0,pay,VB
1021,3.0,1.0,bonus,NN
1022,3.0,1.0,of,IN
1023,3.0,1.0,5.5,CD
1024,3.0,1.0,%,NN
1025,3.0,1.0,calculated,VBN
1026,3.0,1.0,on,IN
1027,3.0,1.0,the,DT
1028,3.0,1.0,employee,NN
1029,3.0,1.0,hourly,JJ
1030,3.0,1.0,base,NN
1031,3.0,1.0,rate,NN
1032,3.0,1.0,or,CC
1033,3.0,1.0,when,WRB
1034,3.0,1.0,regularly,RB
1035,3.0,1.0,assigned,VBN
1036,3.0,1.0,pensionable,JJ
1037,3.0,1.0,add,NNS
1038,3.0,1.0,to,TO
1039,3.0,1.0,rate,NN
1040,3.0,1.0,bonus,NNS
1041,3.0,1.0,of,IN
1042,3.0,1.0,5.5,CD
1043,3.0,1.0,%,NN
1044,3.0,1.0,calculated,VBN
1045,3.0,1.0,on,IN
1046,3.0,1.0,the,DT
1047,3.0,1.0,employee,NN
1048,3.0,1.0,hourly,JJ
1049,3.0,1.0,base,NN
1050,3.0,1.0,rate,NN
1051,3.0,2.0,the,DT
1052,3.0,2.0,procedure,NN
1053,3.0,2.0,for,IN
1054,3.0,2.0,the,DT
1055,3.0,2.0,payment,NN
1056,3.0,2.0,of,IN
1057,3.0,2.0,adjusted,JJ
1058,3.0,2.0,compensation,NN
1059,3.0,2.0,for,IN
1060,3.0,2.0,work,NN
1061,3.0,2.0,performed,VBN
1062,3.0,2.0,under,IN
1063,3.0,2.0,the,DT
1064,3.0,2.0,provision,NN
1065,3.0,2.0,of,IN
1066,3.0,2.0,this,DT
1067,3.0,2.0,article,NN
1068,3.0,2.0,shall,MD
1069,3.0,2.0,be,VB
1070,3.0,2.0,in,IN
1071,3.0,2.0,accordance,NN
1072,3.0,2.0,with,IN
1073,3.0,2.0,laac,JJ
1074,3.0,2.0,sections,NNS
1075,3.0,2.0,4.72,CD
1076,3.0,2.0,4.74,CD
1077,3.0,2.0,and,CC
1078,3.0,2.0,4.75,CD
1079,4.0,1.0,whenever,WRB
1080,4.0,1.0,an,DT
1081,4.0,1.0,appointing,VBG
1082,4.0,1.0,authority,NN
1083,4.0,1.0,determines,VBZ
1084,4.0,1.0,that,IN
1085,4.0,1.0,it,PRP
1086,4.0,1.0,is,VBZ
1087,4.0,1.0,necessary,JJ
1088,4.0,1.0,or,CC
1089,4.0,1.0,desirable,JJ
1090,4.0,1.0,that,IN
1091,4.0,1.0,position,NN
1092,4.0,1.0,be,VB
1093,4.0,1.0,filled,VBN
1094,4.0,1.0,by,IN
1095,4.0,1.0,person,NN
1096,4.0,1.0,able,JJ
1097,4.0,1.0,to,TO
1098,4.0,1.0,converse,VB
1099,4.0,1.0,fluently,RB
1100,4.0,1.0,in,IN
1101,4.0,1.0,language,NN
1102,4.0,1.0,other,JJ
1103,4.0,1.0,than,IN
1104,4.0,1.0,english,JJ
1105,4.0,1.0,or,CC
1106,4.0,1.0,write,JJ
1107,4.0,1.0,and,CC
1108,4.0,1.0,interpret,JJ
1109,4.0,1.0,language,NN
1110,4.0,1.0,other,JJ
1111,4.0,1.0,than,IN
1112,4.0,1.0,english,VB
1113,4.0,1.0,the,DT
1114,4.0,1.0,appointing,VBG
1115,4.0,1.0,authority,NN
1116,4.0,1.0,shall,MD
1117,4.0,1.0,transmit,VB
1118,4.0,1.0,to,TO
1119,4.0,1.0,the,DT
1120,4.0,1.0,controller,NN
1121,4.0,1.0,written,VBN
1122,4.0,1.0,authorization,NN
1123,4.0,1.0,approving,VBG
1124,4.0,1.0,payment,NN
1125,4.0,1.0,of,IN
1126,4.0,1.0,bilingual,JJ
1127,4.0,1.0,premium,NN
1128,4.0,1.0,provided,VBN
1129,4.0,1.0,by,IN
1130,4.0,1.0,this,DT
1131,4.0,1.0,article,NN
1132,4.0,1.0,to,TO
1133,4.0,1.0,the,DT
1134,4.0,1.0,person,NN
1135,4.0,1.0,occupying,VBG
1136,4.0,1.0,such,JJ
1137,4.0,1.0,position,NN
1138,4.0,1.0,and,CC
1139,4.0,1.0,possessing,NN
1140,4.0,1.0,such,JJ
1141,4.0,1.0,bilingual,JJ
1142,4.0,1.0,skill,NN
1143,4.0,2.0,after,IN
1144,4.0,2.0,authorizing,VBG
1145,4.0,2.0,payment,NN
1146,4.0,2.0,of,IN
1147,4.0,2.0,bilingual,JJ
1148,4.0,2.0,premium,NN
1149,4.0,2.0,the,DT
1150,4.0,2.0,appointing,VBG
1151,4.0,2.0,authority,NN
1152,4.0,2.0,shall,MD
1153,4.0,2.0,certify,VB
1154,4.0,2.0,to,TO
1155,4.0,2.0,the,DT
1156,4.0,2.0,controller,NN
1157,4.0,2.0,the,DT
1158,4.0,2.0,name,NN
1159,4.0,2.0,of,IN
1160,4.0,2.0,an,DT
1161,4.0,2.0,employee,NN
1162,4.0,2.0,eligible,NN
1163,4.0,2.0,for,IN
1164,4.0,2.0,bilingual,JJ
1165,4.0,2.0,premium,NN
1166,4.0,2.0,and,CC
1167,4.0,2.0,the,DT
1168,4.0,2.0,personnel,NNS
1169,4.0,2.0,department,NN
1170,4.0,2.0,shall,MD
1171,4.0,2.0,certify,VB
1172,4.0,2.0,to,TO
1173,4.0,2.0,the,DT
1174,4.0,2.0,controller,NN
1175,4.0,2.0,that,IN
1176,4.0,2.0,the,DT
1177,4.0,2.0,employee,NN
1178,4.0,2.0,ha,NN
1179,4.0,2.0,qualified,VBN
1180,4.0,2.0,under,IN
1181,4.0,2.0,it,PRP
1182,4.0,2.0,standard,NN
1183,4.0,2.0,of,IN
1184,4.0,2.0,fluency,NN
1185,4.0,2.0,and,CC
1186,4.0,2.0,proficiency,NN
1187,4.0,2.0,for,IN
1188,4.0,2.0,said,VBD
1189,4.0,2.0,language,NN
1190,4.0,3.0,persons,NNS
1191,4.0,3.0,certified,VBD
1192,4.0,3.0,being,VBG
1193,4.0,3.0,qualified,VBN
1194,4.0,3.0,by,IN
1195,4.0,3.0,the,DT
1196,4.0,3.0,personnel,NNS
1197,4.0,3.0,department,NN
1198,4.0,3.0,shall,MD
1199,4.0,3.0,receive,VB
1200,4.0,3.0,bilingual,JJ
1201,4.0,3.0,bonus,NN
1202,4.0,3.0,of,IN
1203,4.0,3.0,$,$
1204,4.0,3.0,25.00,CD
1205,4.0,3.0,per,IN
1206,4.0,3.0,biweekly,JJ
1207,4.0,3.0,pay,NN
1208,4.0,3.0,period,NN
1209,4.0,3.0,for,IN
1210,4.0,3.0,duty,NN
1211,4.0,3.0,requiring,VBG
1212,4.0,3.0,conversing,VBG
1213,4.0,3.0,fluently,RB
1214,4.0,3.0,in,IN
1215,4.0,3.0,language,NN
1216,4.0,3.0,other,JJ
1217,4.0,3.0,than,IN
1218,4.0,3.0,english,JJ
1219,4.0,3.0,or,CC
1220,4.0,3.0,$,$
1221,4.0,3.0,50.00,CD
1222,4.0,3.0,per,IN
1223,4.0,3.0,biweekly,JJ
1224,4.0,3.0,pay,NN
1225,4.0,3.0,period,NN
1226,4.0,3.0,for,IN
1227,4.0,3.0,duty,NN
1228,4.0,3.0,requiring,VBG
1229,4.0,3.0,conversing,VBG
1230,4.0,3.0,fluently,RB
1231,4.0,3.0,and,CC
1232,4.0,3.0,interpreting,JJ
1233,4.0,3.0,language,NN
1234,4.0,3.0,other,JJ
1235,4.0,3.0,than,IN
1236,4.0,3.0,english,JJ
1237,4.0,4.0,for,IN
1238,4.0,4.0,newly,RB
1239,4.0,4.0,hired,VBN
1240,4.0,4.0,employee,NN
1241,4.0,4.0,or,CC
1242,4.0,4.0,employee,NN
1243,4.0,4.0,newly,RB
1244,4.0,4.0,appointed,VBN
1245,4.0,4.0,to,TO
1246,4.0,4.0,bilingual,JJ
1247,4.0,4.0,position,NN
1248,4.0,4.0,the,DT
1249,4.0,4.0,premium,JJ
1250,4.0,4.0,shall,MD
1251,4.0,4.0,be,VB
1252,4.0,4.0,paid,VBN
1253,4.0,4.0,at,IN
1254,4.0,4.0,the,DT
1255,4.0,4.0,beginning,NN
1256,4.0,4.0,of,IN
1257,4.0,4.0,the,DT
1258,4.0,4.0,first,JJ
1259,4.0,4.0,full,JJ
1260,4.0,4.0,biweekly,JJ
1261,4.0,4.0,pay,NN
1262,4.0,4.0,period,NN
1263,4.0,4.0,once,IN
1264,4.0,4.0,the,DT
1265,4.0,4.0,employee,NN
1266,4.0,4.0,ha,NN
1267,4.0,4.0,been,VBN
1268,4.0,4.0,certified,VBN
1269,4.0,4.0,by,IN
1270,4.0,4.0,the,DT
1271,4.0,4.0,personnel,NNS
1272,4.0,4.0,department,NN
1273,5.0,1.0,any,DT
1274,5.0,1.0,qualified,JJ
1275,5.0,1.0,unit,NN
1276,5.0,1.0,employee,NN
1277,5.0,1.0,who,WP
1278,5.0,1.0,is,VBZ
1279,5.0,1.0,requested,VBN
1280,5.0,1.0,by,IN
1281,5.0,1.0,the,DT
1282,5.0,1.0,hearing,NN
1283,5.0,1.0,impaired,JJ
1284,5.0,1.0,assistance,NN
1285,5.0,1.0,center,NN
1286,5.0,1.0,to,TO
1287,5.0,1.0,utilize,VB
1288,5.0,1.0,sign,JJ
1289,5.0,1.0,language,NN
1290,5.0,1.0,shall,MD
1291,5.0,1.0,receive,VB
1292,5.0,1.0,compensation,NN
1293,5.0,1.0,equal,JJ
1294,5.0,1.0,to,TO
1295,5.0,1.0,two,CD
1296,5.0,1.0,and,CC
1297,5.0,1.0,three-quarter,JJ
1298,5.0,1.0,percent,NN
1299,5.0,1.0,2.75,CD
1300,5.0,1.0,%,NN
1301,5.0,1.0,of,IN
1302,5.0,1.0,their,PRP$
1303,5.0,1.0,salary,JJ
1304,5.0,1.0,or,CC
1305,5.0,1.0,wage,NN
1306,5.0,1.0,for,IN
1307,5.0,1.0,each,DT
1308,5.0,1.0,business,NN
1309,5.0,1.0,day,NN
1310,5.0,1.0,the,DT
1311,5.0,1.0,skill,NN
1312,5.0,1.0,is,VBZ
1313,5.0,1.0,utilized,JJ
1314,5.0,2.0,such,JJ
1315,5.0,2.0,practice,NN
1316,5.0,2.0,of,IN
1317,5.0,2.0,additional,JJ
1318,5.0,2.0,compensation,NN
1319,5.0,2.0,shall,MD
1320,5.0,2.0,be,VB
1321,5.0,2.0,in,IN
1322,5.0,2.0,accordance,NN
1323,5.0,2.0,with,IN
1324,5.0,2.0,laac,JJ
1325,5.0,2.0,section,NN
1326,5.0,2.0,4.84.1,CD
1327,6.0,1.0,section,NN
1328,6.0,1.0,the,DT
1329,6.0,1.0,following,JJ
1330,6.0,1.0,court,NN
1331,6.0,1.0,provision,NN
1332,6.0,1.0,will,MD
1333,6.0,1.0,apply,VB
1334,6.0,1.0,to,TO
1335,6.0,1.0,all,DT
1336,6.0,1.0,employee,NN
1337,6.0,1.0,in,IN
1338,6.0,1.0,the,DT
1339,6.0,1.0,unit,NN
1340,6.0,1.0,except,IN
1341,6.0,1.0,those,DT
1342,6.0,1.0,in,IN
1343,6.0,1.0,the,DT
1344,6.0,1.0,police,NN
1345,6.0,1.0,department,NN
1346,6.0,2.0,when,WRB
1347,6.0,2.0,an,DT
1348,6.0,2.0,employee,NN
1349,6.0,2.0,is,VBZ
1350,6.0,2.0,required,VBN
1351,6.0,2.0,to,TO
1352,6.0,2.0,appear,VB
1353,6.0,2.0,in,IN
1354,6.0,2.0,court,NN
1355,6.0,2.0,in,IN
1356,6.0,2.0,and,CC
1357,6.0,2.0,for,IN
1358,6.0,2.0,the,DT
1359,6.0,2.0,county,NN
1360,6.0,2.0,of,IN
1361,6.0,2.0,los,JJ
1362,6.0,2.0,angeles,NNS
1363,6.0,2.0,outside,IN
1364,6.0,2.0,of,IN
1365,6.0,2.0,his/her,NN
1366,6.0,2.0,normal,JJ
1367,6.0,2.0,duty,NN
1368,6.0,2.0,hour,NN
1369,6.0,2.0,but,CC
1370,6.0,2.0,on,IN
1371,6.0,2.0,matter,NN
1372,6.0,2.0,arising,VBG
1373,6.0,2.0,within,IN
1374,6.0,2.0,the,DT
1375,6.0,2.0,scope,NN
1376,6.0,2.0,of,IN
1377,6.0,2.0,his/her,JJ
1378,6.0,2.0,employment,NN
1379,6.0,2.0,said,VBD
1380,6.0,2.0,employee,NN
1381,6.0,2.0,shall,MD
1382,6.0,2.0,be,VB
1383,6.0,2.0,entitled,VBN
1384,6.0,2.0,to,TO
1385,6.0,2.0,receive,VB
1386,6.0,2.0,minimum,NN
1387,6.0,2.0,of,IN
1388,6.0,2.0,one,CD
1389,6.0,2.0,hour,NN
1390,6.0,2.0,at,IN
1391,6.0,2.0,one,CD
1392,6.0,2.0,and,CC
1393,6.0,2.0,one-half,JJ
1394,6.0,2.0,1½,CD
1395,6.0,2.0,time,NN
1396,6.0,2.0,his/her,JJR
1397,6.0,2.0,regular,JJ
1398,6.0,2.0,rate,NN
1399,6.0,2.0,of,IN
1400,6.0,2.0,pay,NN
1401,6.0,3.0,time,NN
1402,6.0,3.0,spent,VBN
1403,6.0,3.0,in,IN
1404,6.0,3.0,excess,NN
1405,6.0,3.0,of,IN
1406,6.0,3.0,the,DT
1407,6.0,3.0,one,CD
1408,6.0,3.0,hour,NN
1409,6.0,3.0,minimum,NN
1410,6.0,3.0,guarantee,NN
1411,6.0,3.0,shall,MD
1412,6.0,3.0,also,RB
1413,6.0,3.0,be,VB
1414,6.0,3.0,at,IN
1415,6.0,3.0,the,DT
1416,6.0,3.0,rate,NN
1417,6.0,3.0,of,IN
1418,6.0,3.0,one,CD
1419,6.0,3.0,and,CC
1420,6.0,3.0,one-half,JJ
1421,6.0,3.0,1½,CD
1422,6.0,3.0,time,NN
1423,6.0,3.0,the,DT
1424,6.0,3.0,employee,NN
1425,6.0,3.0,'s,POS
1426,6.0,3.0,regular,JJ
1427,6.0,3.0,rate,NN
1428,6.0,3.0,of,IN
1429,6.0,3.0,pay,NN
1430,6.0,3.0,payable,JJ
1431,6.0,3.0,in,IN
1432,6.0,3.0,six,CD
1433,6.0,3.0,minute,NN
1434,6.0,3.0,increment,NN
1435,6.0,4.0,no,DT
1436,6.0,4.0,compensation,NN
1437,6.0,4.0,shall,MD
1438,6.0,4.0,be,VB
1439,6.0,4.0,paid,VBN
1440,6.0,4.0,for,IN
1441,6.0,4.0,the,DT
1442,6.0,4.0,first,JJ
1443,6.0,4.0,45,CD
1444,6.0,4.0,minute,NN
1445,6.0,4.0,of,IN
1446,6.0,4.0,the,DT
1447,6.0,4.0,court,NN
1448,6.0,4.0,'s,POS
1449,6.0,4.0,noon,NN
1450,6.0,4.0,recess,NN
1451,6.0,4.0,provided,VBD
1452,6.0,4.0,however,RB
1453,6.0,4.0,that,IN
1454,6.0,4.0,no,DT
1455,6.0,4.0,such,JJ
1456,6.0,4.0,compensation,NN
1457,6.0,4.0,shall,MD
1458,6.0,4.0,be,VB
1459,6.0,4.0,allowed,VBN
1460,6.0,4.0,unless,IN
1461,6.0,4.0,such,JJ
1462,6.0,4.0,employee,NN
1463,6.0,4.0,is,VBZ
1464,6.0,4.0,in,IN
1465,6.0,4.0,actual,JJ
1466,6.0,4.0,attendance,NN
1467,6.0,4.0,in,IN
1468,6.0,4.0,court,NN
1469,6.0,5.0,such,JJ
1470,6.0,5.0,compensation,NN
1471,6.0,5.0,for,IN
1472,6.0,5.0,court,NN
1473,6.0,5.0,appearance,NN
1474,6.0,5.0,may,MD
1475,6.0,5.0,be,VB
1476,6.0,5.0,in,IN
1477,6.0,5.0,either,DT
1478,6.0,5.0,time,NN
1479,6.0,5.0,off,RP
1480,6.0,5.0,or,CC
1481,6.0,5.0,cash,NN
1482,6.0,6.0,call,VB
1483,6.0,6.0,back,RP
1484,6.0,6.0,provision,NN
1485,6.0,6.0,are,VBP
1486,6.0,6.0,not,RB
1487,6.0,6.0,applicable,JJ
1488,6.0,6.0,to,TO
1489,6.0,6.0,court,NN
1490,6.0,6.0,appearance,NN
1491,6.0,7.0,section,NN
1492,6.0,7.0,ii,VBZ
1493,6.0,7.0,the,DT
1494,6.0,7.0,following,JJ
1495,6.0,7.0,court,NN
1496,6.0,7.0,provision,NN
1497,6.0,7.0,shall,MD
1498,6.0,7.0,apply,VB
1499,6.0,7.0,to,TO
1500,6.0,7.0,employee,NN
1501,6.0,7.0,in,IN
1502,6.0,7.0,the,DT
1503,6.0,7.0,police,NN
1504,6.0,7.0,department,NN
1505,6.0,7.0,only,RB
1506,6.0,8.0,these,DT
1507,6.0,8.0,provision,NN
1508,6.0,8.0,apply,VBZ
1509,6.0,8.0,only,RB
1510,6.0,8.0,for,IN
1511,6.0,8.0,the,DT
1512,6.0,8.0,payment,NN
1513,6.0,8.0,of,IN
1514,6.0,8.0,overtime,NN
1515,6.0,8.0,for,IN
1516,6.0,8.0,court,NN
1517,6.0,8.0,appearance,NN
1518,6.0,8.0,outside,IN
1519,6.0,8.0,of,IN
1520,6.0,8.0,the,DT
1521,6.0,8.0,normal,JJ
1522,6.0,8.0,duty,NN
1523,6.0,8.0,hour,NN
1524,6.0,8.0,of,IN
1525,6.0,8.0,employee,NN
1526,6.0,9.0,call,VB
1527,6.0,9.0,back,RP
1528,6.0,9.0,provision,NN
1529,6.0,9.0,are,VBP
1530,6.0,9.0,not,RB
1531,6.0,9.0,applicable,JJ
1532,6.0,9.0,to,TO
1533,6.0,9.0,court,NN
1534,6.0,9.0,appearance,NN
1535,6.0,10.0,basic,JJ
1536,6.0,10.0,compensation,NN
1537,6.0,10.0,an,DT
1538,6.0,10.0,employee,NN
1539,6.0,10.0,at,IN
1540,6.0,10.0,the,DT
1541,6.0,10.0,employee,NN
1542,6.0,10.0,'s,POS
1543,6.0,10.0,option,NN
1544,6.0,10.0,may,MD
1545,6.0,10.0,report,VB
1546,6.0,10.0,to,TO
1547,6.0,10.0,court,NN
1548,6.0,10.0,when,WRB
1549,6.0,10.0,subpoenaed,NN
1550,6.0,10.0,or,CC
1551,6.0,10.0,remain,VB
1552,6.0,10.0,on,IN
1553,6.0,10.0,call,NN
1554,6.0,11.0,if,IN
1555,6.0,11.0,the,DT
1556,6.0,11.0,employee,NN
1557,6.0,11.0,elect,VBP
1558,6.0,11.0,to,TO
1559,6.0,11.0,appear,VB
1560,6.0,11.0,in,IN
1561,6.0,11.0,court,NN
1562,6.0,11.0,the,DT
1563,6.0,11.0,division,NN
1564,6.0,11.0,supervisor,NN
1565,6.0,11.0,must,MD
1566,6.0,11.0,be,VB
1567,6.0,11.0,notified,VBN
1568,6.0,11.0,at,IN
1569,6.0,11.0,the,DT
1570,6.0,11.0,latest,JJS
1571,6.0,11.0,one,CD
1572,6.0,11.0,administrative,JJ
1573,6.0,11.0,day,NN
1574,6.0,11.0,prior,RB
1575,6.0,11.0,to,TO
1576,6.0,11.0,the,DT
1577,6.0,11.0,scheduled,JJ
1578,6.0,11.0,court,NN
1579,6.0,11.0,appearance,NN
1580,6.0,12.0,if,IN
1581,6.0,12.0,the,DT
1582,6.0,12.0,employee,NN
1583,6.0,12.0,wish,NN
1584,6.0,12.0,to,TO
1585,6.0,12.0,remain,VB
1586,6.0,12.0,on,IN
1587,6.0,12.0,call,NN
1588,6.0,12.0,the,DT
1589,6.0,12.0,employee,NN
1590,6.0,12.0,must,MD
1591,6.0,12.0,be,VB
1592,6.0,12.0,able,JJ
1593,6.0,12.0,to,TO
1594,6.0,12.0,appear,VB
1595,6.0,12.0,in,IN
1596,6.0,12.0,court,NN
1597,6.0,12.0,not,RB
1598,6.0,12.0,more,RBR
1599,6.0,12.0,than,IN
1600,6.0,12.0,one,CD
1601,6.0,12.0,hour,NN
1602,6.0,12.0,after,IN
1603,6.0,12.0,being,VBG
1604,6.0,12.0,notified,VBD
1605,6.0,12.0,that,IN
1606,6.0,12.0,the,DT
1607,6.0,12.0,employee,NN
1608,6.0,12.0,'s,POS
1609,6.0,12.0,appearance,NN
1610,6.0,12.0,is,VBZ
1611,6.0,12.0,required,VBN
1612,6.0,12.0,in,IN
1613,6.0,12.0,court,NN
1614,6.0,13.0,to,TO
1615,6.0,13.0,appear,VB
1616,6.0,13.0,in,IN
1617,6.0,13.0,court,NN
1618,6.0,13.0,more,JJR
1619,6.0,13.0,than,IN
1620,6.0,13.0,an,DT
1621,6.0,13.0,hour,NN
1622,6.0,13.0,after,IN
1623,6.0,13.0,having,VBG
1624,6.0,13.0,been,VBN
1625,6.0,13.0,notified,VBN
1626,6.0,13.0,will,MD
1627,6.0,13.0,void,VB
1628,6.0,13.0,the,DT
1629,6.0,13.0,employee,NN
1630,6.0,13.0,'s,POS
1631,6.0,13.0,right,NN
1632,6.0,13.0,to,TO
1633,6.0,13.0,on-call,JJ
1634,6.0,13.0,compensation,NN
1635,6.0,14.0,an,DT
1636,6.0,14.0,employee,NN
1637,6.0,14.0,need,MD
1638,6.0,14.0,not,RB
1639,6.0,14.0,remain,VB
1640,6.0,14.0,at,IN
1641,6.0,14.0,home,NN
1642,6.0,14.0,but,CC
1643,6.0,14.0,must,MD
1644,6.0,14.0,be,VB
1645,6.0,14.0,available,JJ
1646,6.0,14.0,for,IN
1647,6.0,14.0,telephonic,JJ
1648,6.0,14.0,notification,NN
1649,6.0,14.0,at,IN
1650,6.0,14.0,location,NN
1651,6.0,14.0,where,WRB
1652,6.0,14.0,the,DT
1653,6.0,14.0,supervisor,NN
1654,6.0,14.0,know,VBP
1655,6.0,14.0,the,DT
1656,6.0,14.0,employee,NN
1657,6.0,14.0,can,MD
1658,6.0,14.0,be,VB
1659,6.0,14.0,reached,VBN
1660,6.0,15.0,an,DT
1661,6.0,15.0,off-duty,JJ
1662,6.0,15.0,employee,NN
1663,6.0,15.0,shall,MD
1664,6.0,15.0,receive,VB
1665,6.0,15.0,minimum,NN
1666,6.0,15.0,of,IN
1667,6.0,15.0,two,CD
1668,6.0,15.0,hour,NN
1669,6.0,15.0,overtime,JJ
1670,6.0,15.0,compensation,NN
1671,6.0,15.0,for,IN
1672,6.0,15.0,any,DT
1673,6.0,15.0,court,NN
1674,6.0,15.0,day,NN
1675,6.0,15.0,he/she,NN
1676,6.0,15.0,is,VBZ
1677,6.0,15.0,subpoenaed,VBN
1678,6.0,15.0,to,TO
1679,6.0,15.0,be,VB
1680,6.0,15.0,on,IN
1681,6.0,15.0,call,NN
1682,6.0,15.0,or,CC
1683,6.0,15.0,required,VBN
1684,6.0,15.0,to,TO
1685,6.0,15.0,appear,VB
1686,6.0,16.0,an,DT
1687,6.0,16.0,off-duty,JJ
1688,6.0,16.0,employee,NN
1689,6.0,16.0,shall,MD
1690,6.0,16.0,receive,VB
1691,6.0,16.0,hour-for-hour,JJ
1692,6.0,16.0,overtime,JJ
1693,6.0,16.0,compensation,NN
1694,6.0,16.0,for,IN
1695,6.0,16.0,each,DT
1696,6.0,16.0,additional,JJ
1697,6.0,16.0,hour,NN
1698,6.0,16.0,of,IN
1699,6.0,16.0,actual,JJ
1700,6.0,16.0,attendance,NN
1701,6.0,16.0,in,IN
1702,6.0,16.0,excess,NN
1703,6.0,16.0,of,IN
1704,6.0,16.0,the,DT
1705,6.0,16.0,two,CD
1706,6.0,16.0,hour,NN
1707,6.0,16.0,minimum,NN
1708,6.0,16.0,provided,VBD
1709,6.0,16.0,for,IN
1710,6.0,16.0,in,IN
1711,6.0,16.0,paragraph,NN
1712,6.0,16.0,a.1,NNS
1713,6.0,16.0,above,IN
1714,6.0,16.0,with,IN
1715,6.0,16.0,the,DT
1716,6.0,16.0,following,JJ
1717,6.0,16.0,noontime,JJ
1718,6.0,16.0,recess,JJ
1719,6.0,16.0,exception,NN
1720,6.0,16.0,length,NN
1721,6.0,16.0,of,IN
1722,6.0,16.0,recess,NN
1723,6.0,16.0,amount,NN
1724,6.0,16.0,of,IN
1725,6.0,16.0,compensation,NN
1726,6.0,16.0,45,CD
1727,6.0,16.0,minute,NN
1728,6.0,16.0,or,CC
1729,6.0,16.0,le,VB
1730,6.0,16.0,none,NN
1731,6.0,16.0,46,CD
1732,6.0,16.0,minute,NN
1733,6.0,16.0,or,CC
1734,6.0,16.0,more,JJR
1735,6.0,16.0,all,DT
1736,6.0,16.0,time,NN
1737,6.0,16.0,over,IN
1738,6.0,16.0,46,CD
1739,6.0,16.0,minute,NN
1740,6.0,16.0,in,IN
1741,6.0,16.0,minute,JJ
1742,6.0,16.0,increment,JJ
1743,6.0,16.0,note,NN
1744,6.0,16.0,an,DT
1745,6.0,16.0,employee,NN
1746,6.0,16.0,shall,MD
1747,6.0,16.0,not,RB
1748,6.0,16.0,receive,VB
1749,6.0,16.0,court,NN
1750,6.0,16.0,on-call,JJ
1751,6.0,16.0,overtime,JJ
1752,6.0,16.0,compensation,NN
1753,6.0,16.0,and,CC
1754,6.0,16.0,hour-for-hour,JJ
1755,6.0,16.0,overtime,NN
1756,6.0,16.0,compensation,NN
1757,6.0,16.0,for,IN
1758,6.0,16.0,the,DT
1759,6.0,16.0,same,JJ
1760,6.0,16.0,time,NN
1761,6.0,16.0,period,NN
1762,6.0,17.0,multiple,JJ
1763,6.0,17.0,cases,NNS
1764,6.0,17.0,an,DT
1765,6.0,17.0,off-duty,JJ
1766,6.0,17.0,employee,NN
1767,6.0,17.0,who,WP
1768,6.0,17.0,receives,VBZ
1769,6.0,17.0,morning,NN
1770,6.0,17.0,and,CC
1771,6.0,17.0,afternoon,NN
1772,6.0,17.0,subpoena,NN
1773,6.0,17.0,for,IN
1774,6.0,17.0,separate,JJ
1775,6.0,17.0,case,NN
1776,6.0,17.0,on,IN
1777,6.0,17.0,court,NN
1778,6.0,17.0,day,NN
1779,6.0,17.0,shall,MD
1780,6.0,17.0,receive,VB
1781,6.0,17.0,overtime,JJ
1782,6.0,17.0,compensation,NN
1783,6.0,17.0,in,IN
1784,6.0,17.0,paragraph,NN
1785,6.0,17.0,a.1,NNS
1786,6.0,17.0,above,IN
1787,6.0,17.0,for,IN
1788,6.0,17.0,each,DT
1789,6.0,17.0,case,NN
1790,6.0,17.0,for,IN
1791,6.0,17.0,total,NN
1792,6.0,17.0,of,IN
1793,6.0,17.0,four,CD
1794,6.0,17.0,hour,NN
1795,6.0,18.0,in,IN
1796,6.0,18.0,addition,NN
1797,6.0,18.0,he/she,NN
1798,6.0,18.0,shall,MD
1799,6.0,18.0,receive,VB
1800,6.0,18.0,hour-for-hour,JJ
1801,6.0,18.0,overtime,JJ
1802,6.0,18.0,compensation,NN
1803,6.0,18.0,for,IN
1804,6.0,18.0,each,DT
1805,6.0,18.0,additional,JJ
1806,6.0,18.0,hour,NN
1807,6.0,18.0,of,IN
1808,6.0,18.0,actual,JJ
1809,6.0,18.0,court,NN
1810,6.0,18.0,attendance,NN
1811,6.0,18.0,in,IN
1812,6.0,18.0,excess,NN
1813,6.0,18.0,of,IN
1814,6.0,18.0,two,CD
1815,6.0,18.0,hour,NN
1816,6.0,19.0,c.,JJ
1817,6.0,19.0,exceptions,NNS
1818,6.0,19.0,to,TO
1819,6.0,19.0,the,DT
1820,6.0,19.0,two,CD
1821,6.0,19.0,hour,NN
1822,6.0,19.0,minimum,JJ
1823,6.0,19.0,management,NN
1824,6.0,19.0,will,MD
1825,6.0,19.0,attempt,VB
1826,6.0,19.0,to,TO
1827,6.0,19.0,adjust,VB
1828,6.0,19.0,an,DT
1829,6.0,19.0,employee,NN
1830,6.0,19.0,'s,POS
1831,6.0,19.0,shift,NN
1832,6.0,19.0,to,TO
1833,6.0,19.0,accommodate,VB
1834,6.0,19.0,court,NN
1835,6.0,19.0,appearance,NN
1836,6.0,19.0,or,CC
1837,6.0,19.0,on-call,JJ
1838,6.0,19.0,status,NN
1839,6.0,19.0,commencing,VBG
1840,6.0,19.0,two,CD
1841,6.0,19.0,hour,NN
1842,6.0,19.0,or,CC
1843,6.0,19.0,le,NN
1844,6.0,19.0,before,IN
1845,6.0,19.0,or,CC
1846,6.0,19.0,after,IN
1847,6.0,19.0,the,DT
1848,6.0,19.0,employee,NN
1849,6.0,19.0,'s,POS
1850,6.0,19.0,regularly,NN
1851,6.0,19.0,assigned,VBN
1852,6.0,19.0,shift,JJ
1853,6.0,19.0,begin,NN
1854,6.0,19.0,or,CC
1855,6.0,19.0,end,NN
1856,6.0,20.0,if,IN
1857,6.0,20.0,an,DT
1858,6.0,20.0,employee,NN
1859,6.0,20.0,'s,POS
1860,6.0,20.0,shift,NN
1861,6.0,20.0,can,MD
1862,6.0,20.0,not,RB
1863,6.0,20.0,be,VB
1864,6.0,20.0,adjusted,VBN
1865,6.0,20.0,the,DT
1866,6.0,20.0,employee,NN
1867,6.0,20.0,will,MD
1868,6.0,20.0,be,VB
1869,6.0,20.0,compensated,VBN
1870,6.0,20.0,follows,VBZ
1871,6.0,20.0,court,NN
1872,6.0,20.0,appearance,NN
1873,6.0,20.0,or,CC
1874,6.0,20.0,on-call,JJ
1875,6.0,20.0,status,NN
1876,6.0,20.0,commencing,VBG
1877,6.0,20.0,two,CD
1878,6.0,20.0,hour,NN
1879,6.0,20.0,or,CC
1880,6.0,20.0,le,NN
1881,6.0,20.0,before,IN
1882,6.0,20.0,the,DT
1883,6.0,20.0,employee,NN
1884,6.0,20.0,'s,POS
1885,6.0,20.0,regularly,NN
1886,6.0,20.0,assigned,VBN
1887,6.0,20.0,shift,NN
1888,6.0,20.0,begin,NN
1889,6.0,21.0,compensation,NN
1890,6.0,21.0,will,MD
1891,6.0,21.0,be,VB
1892,6.0,21.0,for,IN
1893,6.0,21.0,the,DT
1894,6.0,21.0,actual,JJ
1895,6.0,21.0,time,NN
1896,6.0,21.0,between,IN
1897,6.0,21.0,the,DT
1898,6.0,21.0,commencement,NN
1899,6.0,21.0,of,IN
1900,6.0,21.0,the,DT
1901,6.0,21.0,court,NN
1902,6.0,21.0,appearance,NN
1903,6.0,21.0,or,CC
1904,6.0,21.0,on-call,NN
1905,6.0,21.0,and,CC
1906,6.0,21.0,the,DT
1907,6.0,21.0,beginning,NN
1908,6.0,21.0,of,IN
1909,6.0,21.0,the,DT
1910,6.0,21.0,employee,NN
1911,6.0,21.0,'s,POS
1912,6.0,21.0,assigned,VBN
1913,6.0,21.0,shift,NN
1914,6.0,21.0,with,IN
1915,6.0,21.0,the,DT
1916,6.0,21.0,same,JJ
1917,6.0,21.0,noon,NN
1918,6.0,21.0,recess,NN
1919,6.0,21.0,provision,NN
1920,6.0,21.0,outlined,VBN
1921,6.0,21.0,in,IN
1922,6.0,21.0,paragraph,NN
1923,6.0,21.0,a.2,NNS
1924,6.0,21.0,above,IN
1925,6.0,22.0,court,NN
1926,6.0,22.0,appearance,NN
1927,6.0,22.0,commencing,VBG
1928,6.0,22.0,two,CD
1929,6.0,22.0,hour,NN
1930,6.0,22.0,or,CC
1931,6.0,22.0,le,NN
1932,6.0,22.0,after,IN
1933,6.0,22.0,the,DT
1934,6.0,22.0,employee,NN
1935,6.0,22.0,'s,POS
1936,6.0,22.0,regularly,NN
1937,6.0,22.0,assigned,VBD
1938,6.0,22.0,shift,JJ
1939,6.0,22.0,end,NN
1940,6.0,23.0,compensation,NN
1941,6.0,23.0,will,MD
1942,6.0,23.0,be,VB
1943,6.0,23.0,for,IN
1944,6.0,23.0,the,DT
1945,6.0,23.0,actual,JJ
1946,6.0,23.0,time,NN
1947,6.0,23.0,between,IN
1948,6.0,23.0,the,DT
1949,6.0,23.0,end,NN
1950,6.0,23.0,of,IN
1951,6.0,23.0,the,DT
1952,6.0,23.0,employee,NN
1953,6.0,23.0,'s,POS
1954,6.0,23.0,assigned,VBN
1955,6.0,23.0,shift,NN
1956,6.0,23.0,and,CC
1957,6.0,23.0,the,DT
1958,6.0,23.0,termination,NN
1959,6.0,23.0,of,IN
1960,6.0,23.0,the,DT
1961,6.0,23.0,court,NN
1962,6.0,23.0,appearance,NN
1963,6.0,23.0,with,IN
1964,6.0,23.0,the,DT
1965,6.0,23.0,same,JJ
1966,6.0,23.0,noon,NN
1967,6.0,23.0,recess,NN
1968,6.0,23.0,provision,NN
1969,6.0,23.0,outlined,VBN
1970,6.0,23.0,in,IN
1971,6.0,23.0,paragraph,NN
1972,6.0,23.0,a.2,NNS
1973,6.0,23.0,above,IN
1974,6.0,24.0,court,NN
1975,6.0,24.0,appearance,NN
1976,6.0,24.0,or,CC
1977,6.0,24.0,on-call,NN
1978,6.0,24.0,that,WDT
1979,6.0,24.0,begin,NN
1980,6.0,24.0,during,IN
1981,6.0,24.0,an,DT
1982,6.0,24.0,employee,NN
1983,6.0,24.0,regularly,RB
1984,6.0,24.0,assigned,VBD
1985,6.0,24.0,shift,NN
1986,6.0,25.0,compensation,NN
1987,6.0,25.0,will,MD
1988,6.0,25.0,be,VB
1989,6.0,25.0,for,IN
1990,6.0,25.0,the,DT
1991,6.0,25.0,actual,JJ
1992,6.0,25.0,time,NN
1993,6.0,25.0,between,IN
1994,6.0,25.0,the,DT
1995,6.0,25.0,end,NN
1996,6.0,25.0,of,IN
1997,6.0,25.0,the,DT
1998,6.0,25.0,employee,NN
1999,6.0,25.0,'s,POS
2000,6.0,25.0,assigned,VBN
2001,6.0,25.0,shift,NN
2002,6.0,25.0,and,CC
2003,6.0,25.0,the,DT
2004,6.0,25.0,termination,NN
2005,6.0,25.0,of,IN
2006,6.0,25.0,the,DT
2007,6.0,25.0,appearance,NN
2008,6.0,25.0,or,CC
2009,6.0,25.0,on-call,JJ
2010,6.0,25.0,status,NN
2011,6.0,25.0,with,IN
2012,6.0,25.0,the,DT
2013,6.0,25.0,same,JJ
2014,6.0,25.0,noon,NN
2015,6.0,25.0,recess,NN
2016,6.0,25.0,provision,NN
2017,6.0,25.0,outlined,VBN
2018,6.0,25.0,in,IN
2019,6.0,25.0,paragraph,NN
2020,6.0,25.0,a.2,NNS
2021,6.0,25.0,above,IN
2022,7.0,1.0,whenever,WRB
2023,7.0,1.0,an,DT
2024,7.0,1.0,employee,NN
2025,7.0,1.0,is,VBZ
2026,7.0,1.0,served,VBN
2027,7.0,1.0,with,IN
2028,7.0,1.0,subpoena,NN
2029,7.0,1.0,by,IN
2030,7.0,1.0,court,NN
2031,7.0,1.0,of,IN
2032,7.0,1.0,competent,NN
2033,7.0,1.0,jurisdiction,NN
2034,7.0,1.0,which,WDT
2035,7.0,1.0,compels,VBZ
2036,7.0,1.0,his/her,JJR
2037,7.0,1.0,presence,NN
2038,7.0,1.0,witness,NN
2039,7.0,1.0,during,IN
2040,7.0,1.0,his/her,JJR
2041,7.0,1.0,normal,JJ
2042,7.0,1.0,working,JJ
2043,7.0,1.0,period,NN
2044,7.0,1.0,unless,IN
2045,7.0,1.0,he/she,NN
2046,7.0,1.0,is,VBZ
2047,7.0,1.0,party,NN
2048,7.0,1.0,to,TO
2049,7.0,1.0,the,DT
2050,7.0,1.0,litigation,NN
2051,7.0,1.0,or,CC
2052,7.0,1.0,an,DT
2053,7.0,1.0,expert,JJ
2054,7.0,1.0,witness,NN
2055,7.0,1.0,such,JJ
2056,7.0,1.0,employee,NN
2057,7.0,1.0,shall,MD
2058,7.0,1.0,be,VB
2059,7.0,1.0,granted,VBN
2060,7.0,1.0,time,NN
2061,7.0,1.0,off,IN
2062,7.0,1.0,with,IN
2063,7.0,1.0,pay,NN
2064,7.0,1.0,in,IN
2065,7.0,1.0,the,DT
2066,7.0,1.0,amount,NN
2067,7.0,1.0,of,IN
2068,7.0,1.0,the,DT
2069,7.0,1.0,difference,NN
2070,7.0,1.0,between,IN
2071,7.0,1.0,the,DT
2072,7.0,1.0,employee,NN
2073,7.0,1.0,'s,POS
2074,7.0,1.0,regular,JJ
2075,7.0,1.0,earnings,NNS
2076,7.0,1.0,and,CC
2077,7.0,1.0,any,DT
2078,7.0,1.0,amount,NN
2079,7.0,1.0,he/she,NN
2080,7.0,1.0,receives,VBZ
2081,7.0,1.0,for,IN
2082,7.0,1.0,such,JJ
2083,7.0,1.0,appearance,NN
2084,7.0,2.0,this,DT
2085,7.0,2.0,article,NN
2086,7.0,2.0,is,VBZ
2087,7.0,2.0,not,RB
2088,7.0,2.0,applicable,JJ
2089,7.0,2.0,to,TO
2090,7.0,2.0,appearance,VB
2091,7.0,2.0,for,IN
2092,7.0,2.0,which,WDT
2093,7.0,2.0,the,DT
2094,7.0,2.0,employee,NN
2095,7.0,2.0,receives,VBZ
2096,7.0,2.0,compensation,NN
2097,7.0,2.0,in,IN
2098,7.0,2.0,excess,NN
2099,7.0,2.0,of,IN
2100,7.0,2.0,his/her,JJR
2101,7.0,2.0,regular,JJ
2102,7.0,2.0,earnings,NNS
2103,7.0,3.0,court,NN
2104,7.0,3.0,of,IN
2105,7.0,3.0,competent,NN
2106,7.0,3.0,jurisdiction,NN
2107,7.0,3.0,is,VBZ
2108,7.0,3.0,defined,VBN
2109,7.0,3.0,court,NN
2110,7.0,3.0,within,IN
2111,7.0,3.0,the,DT
2112,7.0,3.0,county,NN
2113,7.0,3.0,in,IN
2114,7.0,3.0,which,WDT
2115,7.0,3.0,the,DT
2116,7.0,3.0,employee,NN
2117,7.0,3.0,resides,NNS
2118,7.0,3.0,or,CC
2119,7.0,3.0,if,IN
2120,7.0,3.0,outside,IN
2121,7.0,3.0,the,DT
2122,7.0,3.0,county,NN
2123,7.0,3.0,of,IN
2124,7.0,3.0,residence,NN
2125,7.0,3.0,the,DT
2126,7.0,3.0,place,NN
2127,7.0,3.0,of,IN
2128,7.0,3.0,appearance,NN
2129,7.0,3.0,must,MD
2130,7.0,3.0,be,VB
2131,7.0,3.0,within,IN
2132,7.0,3.0,150,CD
2133,7.0,3.0,mile,NN
2134,7.0,3.0,of,IN
2135,7.0,3.0,the,DT
2136,7.0,3.0,employee,NN
2137,7.0,3.0,'s,POS
2138,7.0,3.0,residence,NN
2139,8.0,1.0,an,DT
2140,8.0,1.0,employee,NN
2141,8.0,1.0,duly,NN
2142,8.0,1.0,summoned,VBD
2143,8.0,1.0,to,TO
2144,8.0,1.0,attend,VB
2145,8.0,1.0,any,DT
2146,8.0,1.0,court,NN
2147,8.0,1.0,for,IN
2148,8.0,1.0,the,DT
2149,8.0,1.0,purpose,NN
2150,8.0,1.0,of,IN
2151,8.0,1.0,performing,VBG
2152,8.0,1.0,jury,NN
2153,8.0,1.0,service,NN
2154,8.0,1.0,shall,MD
2155,8.0,1.0,for,IN
2156,8.0,1.0,those,DT
2157,8.0,1.0,day,NN
2158,8.0,1.0,during,IN
2159,8.0,1.0,which,WDT
2160,8.0,1.0,jury,NN
2161,8.0,1.0,service,NN
2162,8.0,1.0,is,VBZ
2163,8.0,1.0,actually,RB
2164,8.0,1.0,performed,VBN
2165,8.0,1.0,and,CC
2166,8.0,1.0,those,DT
2167,8.0,1.0,day,NN
2168,8.0,1.0,necessary,JJ
2169,8.0,1.0,to,TO
2170,8.0,1.0,qualify,VB
2171,8.0,1.0,for,IN
2172,8.0,1.0,jury,NN
2173,8.0,1.0,service,NN
2174,8.0,1.0,receive,VBP
2175,8.0,1.0,his/her,JJR
2176,8.0,1.0,regular,JJ
2177,8.0,1.0,salary,NN
2178,8.0,2.0,the,DT
2179,8.0,2.0,absence,NN
2180,8.0,2.0,of,IN
2181,8.0,2.0,the,DT
2182,8.0,2.0,employee,NN
2183,8.0,2.0,for,IN
2184,8.0,2.0,the,DT
2185,8.0,2.0,purpose,NN
2186,8.0,2.0,of,IN
2187,8.0,2.0,performing,VBG
2188,8.0,2.0,jury,NN
2189,8.0,2.0,service,NN
2190,8.0,2.0,shall,MD
2191,8.0,2.0,be,VB
2192,8.0,2.0,deemed,VBN
2193,8.0,2.0,to,TO
2194,8.0,2.0,be,VB
2195,8.0,2.0,an,DT
2196,8.0,2.0,authorized,JJ
2197,8.0,2.0,absence,NN
2198,8.0,2.0,with,IN
2199,8.0,2.0,pay,NN
2200,8.0,2.0,within,IN
2201,8.0,2.0,the,DT
2202,8.0,2.0,meaning,NN
2203,8.0,2.0,of,IN
2204,8.0,2.0,laac,JJ
2205,8.0,2.0,section,NN
2206,8.0,2.0,4.75,CD
2207,8.0,3.0,during,IN
2208,8.0,3.0,the,DT
2209,8.0,3.0,time,NN
2210,8.0,3.0,the,DT
2211,8.0,3.0,employee,NN
2212,8.0,3.0,is,VBZ
2213,8.0,3.0,actually,RB
2214,8.0,3.0,reporting,VBG
2215,8.0,3.0,for,IN
2216,8.0,3.0,jury,NN
2217,8.0,3.0,service,NN
2218,8.0,3.0,the,DT
2219,8.0,3.0,head,NN
2220,8.0,3.0,of,IN
2221,8.0,3.0,the,DT
2222,8.0,3.0,department,NN
2223,8.0,3.0,office,NN
2224,8.0,3.0,or,CC
2225,8.0,3.0,bureau,NN
2226,8.0,3.0,or,CC
2227,8.0,3.0,his/her,PRP$
2228,8.0,3.0,designee,NN
2229,8.0,3.0,will,MD
2230,8.0,3.0,convert,VB
2231,8.0,3.0,the,DT
2232,8.0,3.0,employee,NN
2233,8.0,3.0,'s,POS
2234,8.0,3.0,usual,JJ
2235,8.0,3.0,shift,NN
2236,8.0,3.0,to,TO
2237,8.0,3.0,regular,JJ
2238,8.0,3.0,five-day,JJ
2239,8.0,3.0,monday,NN
2240,8.0,3.0,through,IN
2241,8.0,3.0,friday,JJ
2242,8.0,3.0,day,NN
2243,8.0,3.0,shift,VB
2244,8.0,4.0,however,RB
2245,8.0,4.0,employee,NN
2246,8.0,4.0,may,MD
2247,8.0,4.0,choose,VB
2248,8.0,4.0,to,TO
2249,8.0,4.0,remain,VB
2250,8.0,4.0,on,IN
2251,8.0,4.0,an,DT
2252,8.0,4.0,alternative,JJ
2253,8.0,4.0,work,NN
2254,8.0,4.0,schedule,NN
2255,8.0,4.0,9/80,CD
2256,8.0,4.0,4/10,CD
2257,8.0,4.0,or,CC
2258,8.0,4.0,3/12,CD
2259,8.0,4.0,or,CC
2260,8.0,4.0,on,IN
2261,8.0,4.0,an,DT
2262,8.0,4.0,off-watch,JJ
2263,8.0,4.0,schedule,NN
2264,8.0,4.0,during,IN
2265,8.0,4.0,jury,NN
2266,8.0,4.0,service,NN
2267,8.0,4.0,with,IN
2268,8.0,4.0,the,DT
2269,8.0,4.0,understanding,NN
2270,8.0,4.0,that,WDT
2271,8.0,4.0,jury,NN
2272,8.0,4.0,service,NN
2273,8.0,4.0,on,IN
2274,8.0,4.0,regularly,JJ
2275,8.0,4.0,scheduled,VBN
2276,8.0,4.0,day,NN
2277,8.0,4.0,off,IN
2278,8.0,4.0,rdo,NN
2279,8.0,4.0,will,MD
2280,8.0,4.0,not,RB
2281,8.0,4.0,be,VB
2282,8.0,4.0,compensated,VBN
2283,8.0,5.0,employees,NNS
2284,8.0,5.0,must,MD
2285,8.0,5.0,report,VB
2286,8.0,5.0,for,IN
2287,8.0,5.0,work,NN
2288,8.0,5.0,on,IN
2289,8.0,5.0,any,DT
2290,8.0,5.0,day,NN
2291,8.0,5.0,of,IN
2292,8.0,5.0,his/her,NN
2293,8.0,5.0,converted,VBN
2294,8.0,5.0,shift,NN
2295,8.0,5.0,that,IN
2296,8.0,5.0,he/she,NN
2297,8.0,5.0,is,VBZ
2298,8.0,5.0,not,RB
2299,8.0,5.0,required,VBN
2300,8.0,5.0,by,IN
2301,8.0,5.0,the,DT
2302,8.0,5.0,court,NN
2303,8.0,5.0,to,TO
2304,8.0,5.0,perform,VB
2305,8.0,5.0,jury,NN
2306,8.0,5.0,service,NN
2307,8.0,6.0,c.,JJ
2308,8.0,6.0,compensation,NN
2309,8.0,6.0,for,IN
2310,8.0,6.0,mileage,NN
2311,8.0,6.0,paid,VBN
2312,8.0,6.0,by,IN
2313,8.0,6.0,the,DT
2314,8.0,6.0,court,NN
2315,8.0,6.0,for,IN
2316,8.0,6.0,jury,NN
2317,8.0,6.0,service,NN
2318,8.0,6.0,shall,MD
2319,8.0,6.0,be,VB
2320,8.0,6.0,retained,VBN
2321,8.0,6.0,by,IN
2322,8.0,6.0,the,DT
2323,8.0,6.0,employee,NN
2324,8.0,7.0,d.,NN
2325,8.0,7.0,employees,NNS
2326,8.0,7.0,performing,VBG
2327,8.0,7.0,jury,NN
2328,8.0,7.0,service,NN
2329,8.0,7.0,on,IN
2330,8.0,7.0,designated,JJ
2331,8.0,7.0,city,NN
2332,8.0,7.0,holiday,NN
2333,8.0,7.0,shall,MD
2334,8.0,7.0,be,VB
2335,8.0,7.0,compensated,VBN
2336,8.0,7.0,for,IN
2337,8.0,7.0,the,DT
2338,8.0,7.0,designated,JJ
2339,8.0,7.0,city,NN
2340,8.0,7.0,holiday,NN
2341,8.0,7.0,additional,JJ
2342,8.0,7.0,time,NN
2343,8.0,7.0,off,RP
2344,8.0,7.0,for,IN
2345,8.0,7.0,that,DT
2346,8.0,7.0,holiday,NN
2347,8.0,7.0,shall,MD
2348,8.0,7.0,not,RB
2349,8.0,7.0,be,VB
2350,8.0,7.0,provided,VBN
2351,8.0,8.0,e.,VB
2352,8.0,8.0,an,DT
2353,8.0,8.0,employee,NN
2354,8.0,8.0,duly,NN
2355,8.0,8.0,summoned,VBD
2356,8.0,8.0,to,TO
2357,8.0,8.0,attend,VB
2358,8.0,8.0,any,DT
2359,8.0,8.0,court,NN
2360,8.0,8.0,of,IN
2361,8.0,8.0,competent,NN
2362,8.0,8.0,jurisdiction,NN
2363,8.0,8.0,for,IN
2364,8.0,8.0,the,DT
2365,8.0,8.0,purpose,NN
2366,8.0,8.0,of,IN
2367,8.0,8.0,performing,VBG
2368,8.0,8.0,jury,NN
2369,8.0,8.0,service,NN
2370,8.0,8.0,shall,MD
2371,8.0,8.0,for,IN
2372,8.0,8.0,those,DT
2373,8.0,8.0,day,NN
2374,8.0,8.0,during,IN
2375,8.0,8.0,which,WDT
2376,8.0,8.0,jury,NN
2377,8.0,8.0,service,NN
2378,8.0,8.0,is,VBZ
2379,8.0,8.0,actually,RB
2380,8.0,8.0,performed,VBN
2381,8.0,8.0,and,CC
2382,8.0,8.0,those,DT
2383,8.0,8.0,day,NN
2384,8.0,8.0,necessary,JJ
2385,8.0,8.0,to,TO
2386,8.0,8.0,qualify,VB
2387,8.0,8.0,for,IN
2388,8.0,8.0,jury,NN
2389,8.0,8.0,service,NN
2390,8.0,8.0,receive,VBP
2391,8.0,8.0,his/her,JJR
2392,8.0,8.0,regular,JJ
2393,8.0,8.0,salary,NN
2394,9.0,1.0,every,DT
2395,9.0,1.0,employee,NN
2396,9.0,1.0,who,WP
2397,9.0,1.0,qualifies,VBZ
2398,9.0,1.0,for,IN
2399,9.0,1.0,and,CC
2400,9.0,1.0,is,VBZ
2401,9.0,1.0,granted,VBN
2402,9.0,1.0,military,JJ
2403,9.0,1.0,leave,VBP
2404,9.0,1.0,whether,IN
2405,9.0,1.0,temporary,JJ
2406,9.0,1.0,or,CC
2407,9.0,1.0,otherwise,RB
2408,9.0,1.0,pursuant,JJ
2409,9.0,1.0,to,TO
2410,9.0,1.0,the,DT
2411,9.0,1.0,provision,NN
2412,9.0,1.0,of,IN
2413,9.0,1.0,the,DT
2414,9.0,1.0,military,JJ
2415,9.0,1.0,and,CC
2416,9.0,1.0,veterans,NNS
2417,9.0,1.0,code,NN
2418,9.0,1.0,of,IN
2419,9.0,1.0,the,DT
2420,9.0,1.0,state,NN
2421,9.0,1.0,of,IN
2422,9.0,1.0,california,NN
2423,9.0,1.0,shall,MD
2424,9.0,1.0,before,IN
2425,9.0,1.0,he/she,NN
2426,9.0,1.0,is,VBZ
2427,9.0,1.0,paid,VBN
2428,9.0,1.0,his/her,RB
2429,9.0,1.0,salary,JJ
2430,9.0,1.0,or,CC
2431,9.0,1.0,compensation,NN
2432,9.0,1.0,during,IN
2433,9.0,1.0,such,JJ
2434,9.0,1.0,leave,VBP
2435,9.0,1.0,or,CC
2436,9.0,1.0,any,DT
2437,9.0,1.0,part,NN
2438,9.0,1.0,thereof,NN
2439,9.0,1.0,provided,VBN
2440,9.0,1.0,in,IN
2441,9.0,1.0,said,VBD
2442,9.0,1.0,code,NN
2443,9.0,1.0,furnish,NN
2444,9.0,1.0,to,TO
2445,9.0,1.0,his/her,VB
2446,9.0,1.0,appointing,VBG
2447,9.0,1.0,authority,NN
2448,9.0,1.0,two,CD
2449,9.0,1.0,certified,VBD
2450,9.0,1.0,copy,NN
2451,9.0,1.0,of,IN
2452,9.0,1.0,his/her,JJR
2453,9.0,1.0,order,NN
2454,9.0,1.0,one,CD
2455,9.0,1.0,copy,NN
2456,9.0,1.0,to,TO
2457,9.0,1.0,be,VB
2458,9.0,1.0,filed,VBN
2459,9.0,1.0,in,IN
2460,9.0,1.0,the,DT
2461,9.0,1.0,department,NN
2462,9.0,1.0,in,IN
2463,9.0,1.0,which,WDT
2464,9.0,1.0,he/she,NN
2465,9.0,1.0,is,VBZ
2466,9.0,1.0,employed,VBN
2467,9.0,1.0,and,CC
2468,9.0,1.0,the,DT
2469,9.0,1.0,other,JJ
2470,9.0,1.0,with,IN
2471,9.0,1.0,the,DT
2472,9.0,1.0,controller,NN
2473,9.0,2.0,in,IN
2474,9.0,2.0,lieu,NN
2475,9.0,2.0,of,IN
2476,9.0,2.0,the,DT
2477,9.0,2.0,order,NN
2478,9.0,2.0,the,DT
2479,9.0,2.0,employee,NN
2480,9.0,2.0,shall,MD
2481,9.0,2.0,furnish,VB
2482,9.0,2.0,to,TO
2483,9.0,2.0,the,DT
2484,9.0,2.0,appointing,VBG
2485,9.0,2.0,authority,NN
2486,9.0,2.0,upon,IN
2487,9.0,2.0,form,NN
2488,9.0,2.0,provided,VBN
2489,9.0,2.0,by,IN
2490,9.0,2.0,the,DT
2491,9.0,2.0,controller,NN
2492,9.0,2.0,certified,VBD
2493,9.0,2.0,evidence,NN
2494,9.0,2.0,of,IN
2495,9.0,2.0,his/her,NN
2496,9.0,2.0,entry,NN
2497,9.0,2.0,into,IN
2498,9.0,2.0,active,JJ
2499,9.0,2.0,service,NN
2500,9.0,2.0,in,IN
2501,9.0,2.0,the,DT
2502,9.0,2.0,armed,JJ
2503,9.0,2.0,force,NN
2504,9.0,2.0,of,IN
2505,9.0,2.0,the,DT
2506,9.0,2.0,united,JJ
2507,9.0,2.0,states,NNS
2508,9.0,2.0,and,CC
2509,9.0,2.0,the,DT
2510,9.0,2.0,date,NN
2511,9.0,2.0,thereof,NN
2512,9.0,3.0,any,DT
2513,9.0,3.0,certification,NN
2514,9.0,3.0,required,VBN
2515,9.0,3.0,by,IN
2516,9.0,3.0,this,DT
2517,9.0,3.0,article,NN
2518,9.0,3.0,may,MD
2519,9.0,3.0,be,VB
2520,9.0,3.0,made,VBN
2521,9.0,3.0,by,IN
2522,9.0,3.0,any,DT
2523,9.0,3.0,authorized,JJ
2524,9.0,3.0,officer,NN
2525,9.0,3.0,of,IN
2526,9.0,3.0,such,JJ
2527,9.0,3.0,armed,VBN
2528,9.0,3.0,force,NN
2529,9.0,4.0,the,DT
2530,9.0,4.0,city,NN
2531,9.0,4.0,controller,NN
2532,9.0,4.0,shall,MD
2533,9.0,4.0,have,VB
2534,9.0,4.0,power,NN
2535,9.0,4.0,at,IN
2536,9.0,4.0,any,DT
2537,9.0,4.0,time,NN
2538,9.0,4.0,to,TO
2539,9.0,4.0,require,VB
2540,9.0,4.0,such,JJ
2541,9.0,4.0,additional,JJ
2542,9.0,4.0,satisfactory,NN
2543,9.0,4.0,evidence,NN
2544,9.0,4.0,of,IN
2545,9.0,4.0,the,DT
2546,9.0,4.0,entry,NN
2547,9.0,4.0,of,IN
2548,9.0,4.0,such,JJ
2549,9.0,4.0,employee,NN
2550,9.0,4.0,into,IN
2551,9.0,4.0,active,JJ
2552,9.0,4.0,service,NN
2553,9.0,4.0,in,IN
2554,9.0,4.0,such,JJ
2555,9.0,4.0,armed,VBN
2556,9.0,4.0,force,NN
2557,9.0,4.0,and,CC
2558,9.0,4.0,of,IN
2559,9.0,4.0,the,DT
2560,9.0,4.0,actual,JJ
2561,9.0,4.0,performance,NN
2562,9.0,4.0,by,IN
2563,9.0,4.0,the,DT
2564,9.0,4.0,employee,NN
2565,9.0,4.0,of,IN
2566,9.0,4.0,ordered,JJ
2567,9.0,4.0,military,JJ
2568,9.0,4.0,duty,NN
2569,9.0,4.0,during,IN
2570,9.0,4.0,all,DT
2571,9.0,4.0,or,CC
2572,9.0,4.0,any,DT
2573,9.0,4.0,part,NN
2574,9.0,4.0,of,IN
2575,9.0,4.0,such,JJ
2576,9.0,4.0,leave,VBP
2577,9.0,5.0,in,IN
2578,9.0,5.0,determining,VBG
2579,9.0,5.0,whether,IN
2580,9.0,5.0,an,DT
2581,9.0,5.0,employee,NN
2582,9.0,5.0,ha,NN
2583,9.0,5.0,been,VBN
2584,9.0,5.0,in,IN
2585,9.0,5.0,the,DT
2586,9.0,5.0,service,NN
2587,9.0,5.0,of,IN
2588,9.0,5.0,the,DT
2589,9.0,5.0,city,NN
2590,9.0,5.0,for,IN
2591,9.0,5.0,period,NN
2592,9.0,5.0,of,IN
2593,9.0,5.0,not,RB
2594,9.0,5.0,le,JJR
2595,9.0,5.0,than,IN
2596,9.0,5.0,one,CD
2597,9.0,5.0,year,NN
2598,9.0,5.0,immediately,RB
2599,9.0,5.0,prior,JJ
2600,9.0,5.0,to,TO
2601,9.0,5.0,the,DT
2602,9.0,5.0,date,NN
2603,9.0,5.0,on,IN
2604,9.0,5.0,which,WDT
2605,9.0,5.0,the,DT
2606,9.0,5.0,absence,NN
2607,9.0,5.0,begin,VBP
2608,9.0,5.0,continuous,JJ
2609,9.0,5.0,service,NN
2610,9.0,5.0,shall,MD
2611,9.0,5.0,be,VB
2612,9.0,5.0,required,VBN
2613,9.0,6.0,employees,NNS
2614,9.0,6.0,called,VBD
2615,9.0,6.0,into,IN
2616,9.0,6.0,active,JJ
2617,9.0,6.0,military,JJ
2618,9.0,6.0,service,NN
2619,9.0,6.0,other,JJ
2620,9.0,6.0,than,IN
2621,9.0,6.0,temporary,JJ
2622,9.0,6.0,military,JJ
2623,9.0,6.0,leave,VBP
2624,9.0,6.0,shall,MD
2625,9.0,6.0,accrue,VB
2626,9.0,6.0,vacation,NN
2627,9.0,6.0,time,NN
2628,9.0,6.0,and,CC
2629,9.0,6.0,be,VB
2630,9.0,6.0,entitled,VBN
2631,9.0,6.0,to,TO
2632,9.0,6.0,the,DT
2633,9.0,6.0,cash-out,NN
2634,9.0,6.0,of,IN
2635,9.0,6.0,accrued,VBN
2636,9.0,6.0,but,CC
2637,9.0,6.0,unused,JJ
2638,9.0,6.0,vacation,NN
2639,9.0,6.0,time,NN
2640,9.0,6.0,in,IN
2641,9.0,6.0,accordance,NN
2642,9.0,6.0,with,IN
2643,9.0,6.0,article,NN
2644,9.0,6.0,7.6,CD
2645,9.0,6.0,vacation,NN
2646,9.0,6.0,section,NN
2647,9.0,6.0,ii,NN
2648,9.0,6.0,of,IN
2649,9.0,6.0,this,DT
2650,9.0,6.0,mou,NN
2651,10.0,1.0,each,DT
2652,10.0,1.0,employee,NN
2653,10.0,1.0,that,WDT
2654,10.0,1.0,is,VBZ
2655,10.0,1.0,authorized,VBN
2656,10.0,1.0,to,TO
2657,10.0,1.0,use,VB
2658,10.0,1.0,his/her,PRP$
2659,10.0,1.0,own,JJ
2660,10.0,1.0,vehicle,NN
2661,10.0,1.0,pursuant,NN
2662,10.0,1.0,to,TO
2663,10.0,1.0,laac,VB
2664,10.0,1.0,division,NN
2665,10.0,1.0,chapter,NN
2666,10.0,1.0,article,NN
2667,10.0,1.0,in,IN
2668,10.0,1.0,the,DT
2669,10.0,1.0,performance,NN
2670,10.0,1.0,of,IN
2671,10.0,1.0,his/her,NN
2672,10.0,1.0,duty,NN
2673,10.0,1.0,shall,MD
2674,10.0,1.0,be,VB
2675,10.0,1.0,reimbursed,VBN
2676,10.0,1.0,for,IN
2677,10.0,1.0,transportation,NN
2678,10.0,1.0,expense,NN
2679,10.0,1.0,at,IN
2680,10.0,1.0,the,DT
2681,10.0,1.0,internal,JJ
2682,10.0,1.0,revenue,NN
2683,10.0,1.0,service,NN
2684,10.0,1.0,irs,NN
2685,10.0,1.0,rate,NN
2686,10.0,1.0,established,VBN
2687,10.0,1.0,on,IN
2688,10.0,1.0,january,JJ
2689,10.0,1.0,1st,CD
2690,10.0,1.0,of,IN
2691,10.0,1.0,each,DT
2692,10.0,1.0,calendar,NN
2693,10.0,1.0,year,NN
2694,10.0,1.0,or,CC
2695,10.0,1.0,at,IN
2696,10.0,1.0,subsequent,JJ
2697,10.0,1.0,time,NN
2698,10.0,1.0,during,IN
2699,10.0,1.0,the,DT
2700,10.0,1.0,calendar,NN
2701,10.0,1.0,year,NN
2702,10.0,1.0,for,IN
2703,10.0,1.0,all,DT
2704,10.0,1.0,mile,NN
2705,10.0,1.0,traveled,VBN
2706,10.0,1.0,in,IN
2707,10.0,1.0,any,DT
2708,10.0,1.0,biweekly,JJ
2709,10.0,1.0,period,NN
2710,10.0,1.0,in,IN
2711,10.0,1.0,addition,NN
2712,10.0,1.0,to,TO
2713,10.0,1.0,any,DT
2714,10.0,1.0,and,CC
2715,10.0,1.0,all,DT
2716,10.0,1.0,salary,JJ
2717,10.0,1.0,and,CC
2718,10.0,1.0,other,JJ
2719,10.0,1.0,compensation,NN
2720,10.0,1.0,otherwise,RB
2721,10.0,1.0,provided,VBN
2722,10.0,1.0,for,IN
2723,10.0,1.0,by,IN
2724,10.0,1.0,law,NN
2725,10.0,2.0,notwithstanding,VBG
2726,10.0,2.0,laac,JJ
2727,10.0,2.0,section,NN
2728,10.0,2.0,4.231,CD
2729,10.0,2.0,employee,NN
2730,10.0,2.0,authorized,VBN
2731,10.0,2.0,to,TO
2732,10.0,2.0,use,VB
2733,10.0,2.0,their,PRP$
2734,10.0,2.0,personal,JJ
2735,10.0,2.0,vehicle,NN
2736,10.0,2.0,pursuant,NN
2737,10.0,2.0,to,TO
2738,10.0,2.0,laac,VB
2739,10.0,2.0,section,NN
2740,10.0,2.0,4.229,CD
2741,10.0,2.0,who,WP
2742,10.0,2.0,are,VBP
2743,10.0,2.0,required,VBN
2744,10.0,2.0,by,IN
2745,10.0,2.0,management,NN
2746,10.0,2.0,to,TO
2747,10.0,2.0,bring,VB
2748,10.0,2.0,the,DT
2749,10.0,2.0,vehicle,NN
2750,10.0,2.0,to,TO
2751,10.0,2.0,work,VB
2752,10.0,2.0,each,DT
2753,10.0,2.0,day,NN
2754,10.0,2.0,shall,MD
2755,10.0,2.0,receive,VB
2756,10.0,2.0,minimum,JJ
2757,10.0,2.0,payment,NN
2758,10.0,2.0,of,IN
2759,10.0,2.0,10,CD
2760,10.0,2.0,mile,JJ
2761,10.0,2.0,per,IN
2762,10.0,2.0,day,NN
2763,10.0,2.0,regardless,NN
2764,10.0,2.0,of,IN
2765,10.0,2.0,whether,IN
2766,10.0,2.0,the,DT
2767,10.0,2.0,vehicle,NN
2768,10.0,2.0,is,VBZ
2769,10.0,2.0,driven,VBN
2770,10.0,2.0,for,IN
2771,10.0,2.0,city,NN
2772,10.0,2.0,business,NN
2773,10.0,3.0,if,IN
2774,10.0,3.0,an,DT
2775,10.0,3.0,employee,NN
2776,10.0,3.0,is,VBZ
2777,10.0,3.0,not,RB
2778,10.0,3.0,authorized,VBN
2779,10.0,3.0,or,CC
2780,10.0,3.0,required,VBN
2781,10.0,3.0,to,TO
2782,10.0,3.0,bring,VB
2783,10.0,3.0,vehicle,NN
2784,10.0,3.0,to,TO
2785,10.0,3.0,work,VB
2786,10.0,3.0,for,IN
2787,10.0,3.0,use,NN
2788,10.0,3.0,in,IN
2789,10.0,3.0,the,DT
2790,10.0,3.0,course,NN
2791,10.0,3.0,of,IN
2792,10.0,3.0,their,PRP$
2793,10.0,3.0,work,NN
2794,10.0,3.0,assignment,NN
2795,10.0,3.0,they,PRP
2796,10.0,3.0,will,MD
2797,10.0,3.0,no,RB
2798,10.0,3.0,longer,RB
2799,10.0,3.0,be,VB
2800,10.0,3.0,provided,VBN
2801,10.0,3.0,minimum,JJ
2802,10.0,3.0,payment,NN
2803,10.0,3.0,of,IN
2804,10.0,3.0,10,CD
2805,10.0,3.0,mile,JJ
2806,10.0,3.0,per,IN
2807,10.0,3.0,day,NN
2808,10.0,4.0,during,IN
2809,10.0,4.0,the,DT
2810,10.0,4.0,term,NN
2811,10.0,4.0,of,IN
2812,10.0,4.0,this,DT
2813,10.0,4.0,mou,VBZ
2814,10.0,4.0,the,DT
2815,10.0,4.0,cent,NN
2816,10.0,4.0,per,IN
2817,10.0,4.0,mile,NN
2818,10.0,4.0,reimbursement,NN
2819,10.0,4.0,shall,MD
2820,10.0,4.0,be,VB
2821,10.0,4.0,adjusted,VBN
2822,10.0,4.0,to,TO
2823,10.0,4.0,an,DT
2824,10.0,4.0,amount,NN
2825,10.0,4.0,equal,JJ
2826,10.0,4.0,to,TO
2827,10.0,4.0,the,DT
2828,10.0,4.0,annual,JJ
2829,10.0,4.0,standard,NN
2830,10.0,4.0,car,NN
2831,10.0,4.0,mileage,NN
2832,10.0,4.0,allowance,NN
2833,10.0,4.0,determined,VBN
2834,10.0,4.0,by,IN
2835,10.0,4.0,the,DT
2836,10.0,4.0,irs,NNS
2837,10.0,5.0,the,DT
2838,10.0,5.0,cao,NN
2839,10.0,5.0,shall,MD
2840,10.0,5.0,certify,VB
2841,10.0,5.0,to,TO
2842,10.0,5.0,the,DT
2843,10.0,5.0,controller,NN
2844,10.0,5.0,appropriate,JJ
2845,10.0,5.0,change,NN
2846,10.0,5.0,if,IN
2847,10.0,5.0,required,VBN
2848,10.0,5.0,to,TO
2849,10.0,5.0,become,VB
2850,10.0,5.0,effective,JJ
2851,10.0,5.0,at,IN
2852,10.0,5.0,the,DT
2853,10.0,5.0,beginning,NN
2854,10.0,5.0,of,IN
2855,10.0,5.0,the,DT
2856,10.0,5.0,first,JJ
2857,10.0,5.0,full,JJ
2858,10.0,5.0,pay,NN
2859,10.0,5.0,period,NN
2860,10.0,5.0,in,IN
2861,10.0,5.0,which,WDT
2862,10.0,5.0,the,DT
2863,10.0,5.0,irs,NNS
2864,10.0,5.0,reimbursement,NN
2865,10.0,5.0,rate,NN
2866,10.0,5.0,change,NN
2867,10.0,5.0,is,VBZ
2868,10.0,5.0,effective,JJ
2869,11.0,1.0,section,NN
2870,11.0,1.0,whenever,WRB
2871,11.0,1.0,an,DT
2872,11.0,1.0,employee,NN
2873,11.0,1.0,is,VBZ
2874,11.0,1.0,ordered,VBN
2875,11.0,1.0,by,IN
2876,11.0,1.0,the,DT
2877,11.0,1.0,administrative,JJ
2878,11.0,1.0,head,NN
2879,11.0,1.0,of,IN
2880,11.0,1.0,his/her,NN
2881,11.0,1.0,department,NN
2882,11.0,1.0,office,NN
2883,11.0,1.0,or,CC
2884,11.0,1.0,bureau,NN
2885,11.0,1.0,or,CC
2886,11.0,1.0,his/her,PRP$
2887,11.0,1.0,designee,NN
2888,11.0,1.0,to,TO
2889,11.0,1.0,return,VB
2890,11.0,1.0,to,TO
2891,11.0,1.0,duty,VB
2892,11.0,1.0,following,VBG
2893,11.0,1.0,the,DT
2894,11.0,1.0,termination,NN
2895,11.0,1.0,of,IN
2896,11.0,1.0,his/her,NN
2897,11.0,1.0,work,NN
2898,11.0,1.0,shift,NN
2899,11.0,1.0,and,CC
2900,11.0,1.0,departure,NN
2901,11.0,1.0,from,IN
2902,11.0,1.0,his/her,JJR
2903,11.0,1.0,work,NN
2904,11.0,1.0,location,NN
2905,11.0,1.0,he/she,PRP
2906,11.0,1.0,shall,MD
2907,11.0,1.0,receive,VB
2908,11.0,1.0,minimum,JJ
2909,11.0,1.0,compensation,NN
2910,11.0,1.0,equivalent,NN
2911,11.0,1.0,to,TO
2912,11.0,1.0,four,CD
2913,11.0,1.0,hour,NN
2914,11.0,1.0,at,IN
2915,11.0,1.0,his/her,NN
2916,11.0,1.0,appropriate,JJ
2917,11.0,1.0,overtime,NN
2918,11.0,1.0,rate,NN
2919,11.0,2.0,call,VB
2920,11.0,2.0,back,RP
2921,11.0,2.0,time,NN
2922,11.0,2.0,contiguous,JJ
2923,11.0,2.0,to,TO
2924,11.0,2.0,and,CC
2925,11.0,2.0,continuing,VBG
2926,11.0,2.0,into,IN
2927,11.0,2.0,normal,JJ
2928,11.0,2.0,work,NN
2929,11.0,2.0,shift,NN
2930,11.0,2.0,will,MD
2931,11.0,2.0,not,RB
2932,11.0,2.0,be,VB
2933,11.0,2.0,treated,VBN
2934,11.0,2.0,call,DT
2935,11.0,2.0,back,RB
2936,11.0,2.0,for,IN
2937,11.0,2.0,purpose,NN
2938,11.0,2.0,of,IN
2939,11.0,2.0,this,DT
2940,11.0,2.0,article,NN
2941,11.0,2.0,but,CC
2942,11.0,2.0,will,MD
2943,11.0,2.0,instead,RB
2944,11.0,2.0,be,VB
2945,11.0,2.0,compensated,VBN
2946,11.0,2.0,hour,NN
2947,11.0,2.0,for,IN
2948,11.0,2.0,hour,NN
2949,11.0,2.0,overtime,NN
2950,11.0,3.0,section,NN
2951,11.0,3.0,ii,NN
2952,11.0,3.0,whenever,WRB
2953,11.0,3.0,an,DT
2954,11.0,3.0,employee,NN
2955,11.0,3.0,in,IN
2956,11.0,3.0,the,DT
2957,11.0,3.0,police,NN
2958,11.0,3.0,department,NN
2959,11.0,3.0,is,VBZ
2960,11.0,3.0,ordered,VBN
2961,11.0,3.0,by,IN
2962,11.0,3.0,designated,JJ
2963,11.0,3.0,representative,NN
2964,11.0,3.0,of,IN
2965,11.0,3.0,the,DT
2966,11.0,3.0,chief,NN
2967,11.0,3.0,of,IN
2968,11.0,3.0,police,NN
2969,11.0,3.0,to,TO
2970,11.0,3.0,return,VB
2971,11.0,3.0,to,TO
2972,11.0,3.0,duty,VB
2973,11.0,3.0,following,VBG
2974,11.0,3.0,the,DT
2975,11.0,3.0,termination,NN
2976,11.0,3.0,of,IN
2977,11.0,3.0,the,DT
2978,11.0,3.0,employee,NN
2979,11.0,3.0,'s,POS
2980,11.0,3.0,normal,JJ
2981,11.0,3.0,work,NN
2982,11.0,3.0,shift,NN
2983,11.0,3.0,and,CC
2984,11.0,3.0,departure,NN
2985,11.0,3.0,from,IN
2986,11.0,3.0,the,DT
2987,11.0,3.0,work,NN
2988,11.0,3.0,location,NN
2989,11.0,3.0,the,DT
2990,11.0,3.0,employee,NN
2991,11.0,3.0,shall,MD
2992,11.0,3.0,receive,VB
2993,11.0,3.0,the,DT
2994,11.0,3.0,sum,NN
2995,11.0,3.0,of,IN
2996,11.0,3.0,ten,JJ
2997,11.0,3.0,dollar,NN
2998,11.0,3.0,$,$
2999,11.0,3.0,10.00,CD
3000,11.0,3.0,if,IN
3001,11.0,3.0,the,DT
3002,11.0,3.0,call,NN
3003,11.0,3.0,is,VBZ
3004,11.0,3.0,canceled,VBN
3005,11.0,3.0,prior,RB
3006,11.0,3.0,to,TO
3007,11.0,3.0,the,DT
3008,11.0,3.0,time,NN
3009,11.0,3.0,the,DT
3010,11.0,3.0,employee,NN
3011,11.0,3.0,report,NN
3012,11.0,3.0,to,TO
3013,11.0,3.0,the,DT
3014,11.0,3.0,telephonically/electronically,RB
3015,11.0,3.0,assigned,JJ
3016,11.0,3.0,work,NN
3017,11.0,3.0,location,NN
3018,11.0,4.0,the,DT
3019,11.0,4.0,employee,NN
3020,11.0,4.0,shall,MD
3021,11.0,4.0,be,VB
3022,11.0,4.0,entitled,VBN
3023,11.0,4.0,to,TO
3024,11.0,4.0,only,RB
3025,11.0,4.0,one,CD
3026,11.0,4.0,such,JJ
3027,11.0,4.0,payment,NN
3028,11.0,4.0,in,IN
3029,11.0,4.0,each,DT
3030,11.0,4.0,24,CD
3031,11.0,4.0,hour,NN
3032,11.0,4.0,period,NN
3033,11.0,4.0,commencing,VBG
3034,11.0,4.0,with,IN
3035,11.0,4.0,the,DT
3036,11.0,4.0,termination,NN
3037,11.0,4.0,of,IN
3038,11.0,4.0,the,DT
3039,11.0,4.0,employee,NN
3040,11.0,4.0,'s,POS
3041,11.0,4.0,normal,JJ
3042,11.0,4.0,work,NN
3043,11.0,4.0,shift,NN
3044,11.0,5.0,the,DT
3045,11.0,5.0,following,JJ
3046,11.0,5.0,class,NN
3047,11.0,5.0,titles/series,NNS
3048,11.0,5.0,all,DT
3049,11.0,5.0,pay,NN
3050,11.0,5.0,grade,NN
3051,11.0,5.0,are,VBP
3052,11.0,5.0,expressly,RB
3053,11.0,5.0,eligible,JJ
3054,11.0,5.0,for,IN
3055,11.0,5.0,call,NN
3056,11.0,5.0,back,RB
3057,11.0,5.0,pay,NN
3058,11.0,5.0,under,IN
3059,11.0,5.0,this,DT
3060,11.0,5.0,provision,NN
3061,11.0,5.0,photographer,RB
3062,11.0,5.0,code,NN
3063,11.0,5.0,1793,CD
3064,11.0,5.0,and,CC
3065,11.0,5.0,forensic,JJ
3066,11.0,5.0,print,NN
3067,11.0,5.0,specialist,NN
3068,11.0,5.0,code,NN
3069,11.0,5.0,2200,CD
3070,11.0,6.0,section,NN
3071,11.0,6.0,iii,NN
3072,11.0,6.0,if,IN
3073,11.0,6.0,an,DT
3074,11.0,6.0,employee,NN
3075,11.0,6.0,is,VBZ
3076,11.0,6.0,called,VBN
3077,11.0,6.0,out,RP
3078,11.0,6.0,under,IN
3079,11.0,6.0,the,DT
3080,11.0,6.0,provision,NN
3081,11.0,6.0,of,IN
3082,11.0,6.0,section,NN
3083,11.0,6.0,within,IN
3084,11.0,6.0,four,CD
3085,11.0,6.0,hour,NN
3086,11.0,6.0,of,IN
3087,11.0,6.0,the,DT
3088,11.0,6.0,first,JJ
3089,11.0,6.0,call,NN
3090,11.0,6.0,out,IN
3091,11.0,6.0,the,DT
3092,11.0,6.0,employee,NN
3093,11.0,6.0,shall,MD
3094,11.0,6.0,receive,VB
3095,11.0,6.0,second,JJ
3096,11.0,6.0,four,CD
3097,11.0,6.0,hour,NN
3098,11.0,6.0,pay,NN
3099,11.0,6.0,for,IN
3100,11.0,6.0,total,NN
3101,11.0,6.0,of,IN
3102,11.0,6.0,eight,CD
3103,11.0,6.0,hour,NN
3104,11.0,6.0,pay,NN
3105,11.0,6.0,at,IN
3106,11.0,6.0,the,DT
3107,11.0,6.0,employee,NN
3108,11.0,6.0,appropriate,JJ
3109,11.0,6.0,overtime,NN
3110,11.0,6.0,rate,NN
3111,12.0,1.0,the,DT
3112,12.0,1.0,following,JJ
3113,12.0,1.0,provision,NN
3114,12.0,1.0,apply,VB
3115,12.0,1.0,to,TO
3116,12.0,1.0,the,DT
3117,12.0,1.0,compensation,NN
3118,12.0,1.0,for,IN
3119,12.0,1.0,disturbance,NN
3120,12.0,1.0,call,NN
3121,12.0,1.0,outside,IN
3122,12.0,1.0,of,IN
3123,12.0,1.0,normal,JJ
3124,12.0,1.0,duty,NN
3125,12.0,1.0,hour,NN
3126,12.0,1.0,for,IN
3127,12.0,1.0,flsa,JJ
3128,12.0,1.0,non-exempt,JJ
3129,12.0,1.0,employee,NN
3130,12.0,2.0,employees,NNS
3131,12.0,2.0,in,IN
3132,12.0,2.0,the,DT
3133,12.0,2.0,following,JJ
3134,12.0,2.0,class,NN
3135,12.0,2.0,and,CC
3136,12.0,2.0,pay,VB
3137,12.0,2.0,grade,VB
3138,12.0,2.0,shall,MD
3139,12.0,2.0,be,VB
3140,12.0,2.0,eligible,JJ
3141,12.0,2.0,for,IN
3142,12.0,2.0,compensation,NN
3143,12.0,2.0,under,IN
3144,12.0,2.0,this,DT
3145,12.0,2.0,article,NN
3146,12.0,2.0,systems,NNS
3147,12.0,2.0,analyst,NN
3148,12.0,2.0,and,CC
3149,12.0,2.0,ii,JJ
3150,12.0,2.0,codes,NNS
3151,12.0,2.0,1596-1,JJ
3152,12.0,2.0,and,CC
3153,12.0,2.0,1596-2,JJ
3154,12.0,2.0,regardless,NN
3155,12.0,2.0,of,IN
3156,12.0,2.0,the,DT
3157,12.0,2.0,department,NN
3158,12.0,2.0,or,CC
3159,12.0,2.0,assignment,JJ
3160,12.0,2.0,procurement,JJ
3161,12.0,2.0,analyst,NN
3162,12.0,2.0,and,CC
3163,12.0,2.0,ii,JJ
3164,12.0,2.0,codes,NNS
3165,12.0,2.0,1859-1,JJ
3166,12.0,2.0,and,CC
3167,12.0,2.0,1859-2,JJ
3168,12.0,2.0,regardless,NN
3169,12.0,2.0,of,IN
3170,12.0,2.0,the,DT
3171,12.0,2.0,department,NN
3172,12.0,2.0,or,CC
3173,12.0,2.0,assignment,NN
3174,12.0,2.0,and,CC
3175,12.0,2.0,one,CD
3176,12.0,2.0,management,NN
3177,12.0,2.0,aide,NN
3178,12.0,2.0,code,NN
3179,12.0,2.0,1508,CD
3180,12.0,2.0,and,CC
3181,12.0,2.0,one,CD
3182,12.0,2.0,management,NN
3183,12.0,2.0,analyst,NN
3184,12.0,2.0,ii,NN
3185,12.0,2.0,code,NN
3186,12.0,2.0,91842,CD
3187,12.0,2.0,assigned,VBN
3188,12.0,2.0,to,TO
3189,12.0,2.0,the,DT
3190,12.0,2.0,charter,NN
3191,12.0,2.0,bus,NN
3192,12.0,2.0,program,NN
3193,12.0,2.0,in,IN
3194,12.0,2.0,the,DT
3195,12.0,2.0,department,NN
3196,12.0,2.0,of,IN
3197,12.0,2.0,transportation,NN
3198,12.0,3.0,whenever,WRB
3199,12.0,3.0,the,DT
3200,12.0,3.0,above-listed,JJ
3201,12.0,3.0,employee,NN
3202,12.0,3.0,are,VBP
3203,12.0,3.0,contacted,VBN
3204,12.0,3.0,while,IN
3205,12.0,3.0,on,IN
3206,12.0,3.0,off-duty,JJ
3207,12.0,3.0,status,NN
3208,12.0,3.0,by,IN
3209,12.0,3.0,the,DT
3210,12.0,3.0,department,NN
3211,12.0,3.0,head,NN
3212,12.0,3.0,or,CC
3213,12.0,3.0,designee,NN
3214,12.0,3.0,to,TO
3215,12.0,3.0,furnish,VB
3216,12.0,3.0,information,NN
3217,12.0,3.0,needed,VBN
3218,12.0,3.0,to,TO
3219,12.0,3.0,maintain,VB
3220,12.0,3.0,the,DT
3221,12.0,3.0,continuity,NN
3222,12.0,3.0,of,IN
3223,12.0,3.0,city,NN
3224,12.0,3.0,business,NN
3225,12.0,3.0,without,IN
3226,12.0,3.0,the,DT
3227,12.0,3.0,necessity,NN
3228,12.0,3.0,of,IN
3229,12.0,3.0,having,VBG
3230,12.0,3.0,to,TO
3231,12.0,3.0,report,VB
3232,12.0,3.0,for,IN
3233,12.0,3.0,duty,NN
3234,12.0,3.0,personally,RB
3235,12.0,3.0,such,JJ
3236,12.0,3.0,employee,NN
3237,12.0,3.0,shall,MD
3238,12.0,3.0,receive,VB
3239,12.0,3.0,minimum,NN
3240,12.0,3.0,of,IN
3241,12.0,3.0,one,CD
3242,12.0,3.0,hour,NN
3243,12.0,3.0,of,IN
3244,12.0,3.0,compensation,NN
3245,12.0,3.0,subject,NN
3246,12.0,3.0,to,TO
3247,12.0,3.0,the,DT
3248,12.0,3.0,following,VBG
3249,12.0,3.0,limitation,NN
3250,12.0,3.0,only,RB
3251,12.0,3.0,the,DT
3252,12.0,3.0,first,JJ
3253,12.0,3.0,disturbance,NN
3254,12.0,3.0,call,NN
3255,12.0,3.0,made,VBN
3256,12.0,3.0,in,IN
3257,12.0,3.0,any,DT
3258,12.0,3.0,one,CD
3259,12.0,3.0,calendar,NN
3260,12.0,3.0,day,NN
3261,12.0,3.0,shall,MD
3262,12.0,3.0,qualify,VB
3263,12.0,3.0,for,IN
3264,12.0,3.0,the,DT
3265,12.0,3.0,minimum,JJ
3266,12.0,3.0,one,CD
3267,12.0,3.0,hour,NN
3268,12.0,3.0,of,IN
3269,12.0,3.0,compensation,NN
3270,12.0,3.0,described,VBN
3271,12.0,3.0,above,IN
3272,12.0,4.0,the,DT
3273,12.0,4.0,time,NN
3274,12.0,4.0,actually,RB
3275,12.0,4.0,spent,VBN
3276,12.0,4.0,on,IN
3277,12.0,4.0,such,JJ
3278,12.0,4.0,disturbance,NN
3279,12.0,4.0,call,NN
3280,12.0,4.0,will,MD
3281,12.0,4.0,be,VB
3282,12.0,4.0,considered,VBN
3283,12.0,4.0,hour,NN
3284,12.0,4.0,worked,VBD
3285,12.0,4.0,for,IN
3286,12.0,4.0,that,DT
3287,12.0,4.0,workweek,NN
3288,12.0,5.0,thereafter,RB
3289,12.0,5.0,compensation,NN
3290,12.0,5.0,for,IN
3291,12.0,5.0,all,DT
3292,12.0,5.0,other,JJ
3293,12.0,5.0,qualifying,VBG
3294,12.0,5.0,disturbance,NN
3295,12.0,5.0,call,NN
3296,12.0,5.0,totaling,VBG
3297,12.0,5.0,an,DT
3298,12.0,5.0,aggregate,NN
3299,12.0,5.0,of,IN
3300,12.0,5.0,ten,JJ
3301,12.0,5.0,minute,NN
3302,12.0,5.0,or,CC
3303,12.0,5.0,more,JJR
3304,12.0,5.0,in,IN
3305,12.0,5.0,that,DT
3306,12.0,5.0,same,JJ
3307,12.0,5.0,calendar,NN
3308,12.0,5.0,day,NN
3309,12.0,5.0,shall,MD
3310,12.0,5.0,be,VB
3311,12.0,5.0,for,IN
3312,12.0,5.0,actual,JJ
3313,12.0,5.0,time,NN
3314,12.0,5.0,worked,VBD
3315,12.0,6.0,disturbance,NN
3316,12.0,6.0,call,NN
3317,12.0,6.0,compensation,NN
3318,12.0,6.0,shall,MD
3319,12.0,6.0,be,VB
3320,12.0,6.0,used,VBN
3321,12.0,6.0,to,TO
3322,12.0,6.0,offset,VB
3323,12.0,6.0,any,DT
3324,12.0,6.0,overtime,NN
3325,12.0,6.0,owed,VBN
3326,12.0,7.0,any,DT
3327,12.0,7.0,employee,NN
3328,12.0,7.0,receiving,VBG
3329,12.0,7.0,on-call/standby,JJ
3330,12.0,7.0,compensation,NN
3331,12.0,7.0,for,IN
3332,12.0,7.0,the,DT
3333,12.0,7.0,same,JJ
3334,12.0,7.0,day,NN
3335,12.0,7.0,shall,MD
3336,12.0,7.0,not,RB
3337,12.0,7.0,be,VB
3338,12.0,7.0,eligible,JJ
3339,12.0,7.0,to,TO
3340,12.0,7.0,receive,VB
3341,12.0,7.0,compensation,NN
3342,12.0,7.0,under,IN
3343,12.0,7.0,this,DT
3344,12.0,7.0,article,NN
3345,12.0,7.0,for,IN
3346,12.0,7.0,that,DT
3347,12.0,7.0,day,NN
3348,12.0,7.0,the,DT
3349,12.0,7.0,department,NN
3350,12.0,7.0,head,NN
3351,12.0,7.0,or,CC
3352,12.0,7.0,designee,NN
3353,12.0,7.0,may,MD
3354,12.0,7.0,determine,VB
3355,12.0,7.0,the,DT
3356,12.0,7.0,method,NN
3357,12.0,7.0,of,IN
3358,12.0,7.0,compensation,NN
3359,12.0,7.0,an,DT
3360,12.0,7.0,employee,NN
3361,12.0,7.0,contacted,VBN
3362,12.0,7.0,while,IN
3363,12.0,7.0,off-duty,JJ
3364,12.0,7.0,concerning,VBG
3365,12.0,7.0,subsequent,JJ
3366,12.0,7.0,work,NN
3367,12.0,7.0,scheduling,VBG
3368,12.0,7.0,shall,MD
3369,12.0,7.0,not,RB
3370,12.0,7.0,be,VB
3371,12.0,7.0,eligible,JJ
3372,12.0,7.0,to,TO
3373,12.0,7.0,receive,VB
3374,12.0,7.0,compensation,NN
3375,12.0,7.0,under,IN
3376,12.0,7.0,this,DT
3377,12.0,7.0,article,NN
3378,12.0,8.0,ii,NN
3379,12.0,9.0,notwithstanding,VBG
3380,12.0,9.0,the,DT
3381,12.0,9.0,above,NN
3382,12.0,9.0,whenever,WRB
3383,12.0,9.0,all,DT
3384,12.0,9.0,other,JJ
3385,12.0,9.0,flsa,JJ
3386,12.0,9.0,non-exempt,JJ
3387,12.0,9.0,employee,NN
3388,12.0,9.0,in,IN
3389,12.0,9.0,classification,NN
3390,12.0,9.0,and,CC
3391,12.0,9.0,pay,VB
3392,12.0,9.0,grade,NN
3393,12.0,9.0,not,RB
3394,12.0,9.0,listed,VBN
3395,12.0,9.0,specifically,RB
3396,12.0,9.0,in,IN
3397,12.0,9.0,this,DT
3398,12.0,9.0,article,NN
3399,12.0,9.0,are,VBP
3400,12.0,9.0,contacted,VBN
3401,12.0,9.0,while,IN
3402,12.0,9.0,on,IN
3403,12.0,9.0,off-duty,JJ
3404,12.0,9.0,status,NN
3405,12.0,9.0,by,IN
3406,12.0,9.0,the,DT
3407,12.0,9.0,department,NN
3408,12.0,9.0,head,NN
3409,12.0,9.0,or,CC
3410,12.0,9.0,designee,NN
3411,12.0,9.0,to,TO
3412,12.0,9.0,furnish,VB
3413,12.0,9.0,information,NN
3414,12.0,9.0,needed,VBN
3415,12.0,9.0,to,TO
3416,12.0,9.0,maintain,VB
3417,12.0,9.0,the,DT
3418,12.0,9.0,continuity,NN
3419,12.0,9.0,of,IN
3420,12.0,9.0,city,NN
3421,12.0,9.0,business,NN
3422,12.0,9.0,described,VBD
3423,12.0,9.0,above,IN
3424,12.0,9.0,without,IN
3425,12.0,9.0,the,DT
3426,12.0,9.0,necessity,NN
3427,12.0,9.0,of,IN
3428,12.0,9.0,having,VBG
3429,12.0,9.0,to,TO
3430,12.0,9.0,report,VB
3431,12.0,9.0,for,IN
3432,12.0,9.0,duty,NN
3433,12.0,9.0,personally,RB
3434,12.0,9.0,such,JJ
3435,12.0,9.0,employee,NN
3436,12.0,9.0,shall,MD
3437,12.0,9.0,receive,VB
3438,12.0,9.0,compensation,NN
3439,12.0,9.0,for,IN
3440,12.0,9.0,actual,JJ
3441,12.0,9.0,time,NN
3442,12.0,9.0,worked,VBN
3443,12.0,9.0,for,IN
3444,12.0,9.0,said,VBD
3445,12.0,9.0,disturbance,NN
3446,12.0,9.0,call,NN
3447,12.0,9.0,that,IN
3448,12.0,9.0,total,JJ
3449,12.0,9.0,10,CD
3450,12.0,9.0,minute,NN
3451,12.0,9.0,or,CC
3452,12.0,9.0,more,RBR
3453,12.0,9.0,in,IN
3454,12.0,9.0,the,DT
3455,12.0,9.0,aggregate,NN
3456,12.0,9.0,in,IN
3457,12.0,9.0,the,DT
3458,12.0,9.0,same,JJ
3459,12.0,9.0,calendar,NN
3460,12.0,9.0,day,NN
3461,12.0,9.0,which,WDT
3462,12.0,9.0,shall,MD
3463,12.0,9.0,be,VB
3464,12.0,9.0,included,VBN
3465,12.0,9.0,hour,NN
3466,12.0,9.0,worked,VBD
3467,12.0,9.0,for,IN
3468,12.0,9.0,that,DT
3469,12.0,9.0,workweek,NN
3470,12.0,10.0,any,DT
3471,12.0,10.0,employee,NN
3472,12.0,10.0,receiving,VBG
3473,12.0,10.0,on-call/standby,JJ
3474,12.0,10.0,compensation,NN
3475,12.0,10.0,for,IN
3476,12.0,10.0,the,DT
3477,12.0,10.0,same,JJ
3478,12.0,10.0,day,NN
3479,12.0,10.0,shall,MD
3480,12.0,10.0,not,RB
3481,12.0,10.0,be,VB
3482,12.0,10.0,eligible,JJ
3483,12.0,10.0,to,TO
3484,12.0,10.0,receive,VB
3485,12.0,10.0,compensation,NN
3486,12.0,10.0,under,IN
3487,12.0,10.0,this,DT
3488,12.0,10.0,article,NN
3489,12.0,10.0,for,IN
3490,12.0,10.0,that,DT
3491,12.0,10.0,day,NN
3492,12.0,11.0,assignment,NN
3493,12.0,11.0,of,IN
3494,12.0,11.0,an,DT
3495,12.0,11.0,electronic,JJ
3496,12.0,11.0,communication,NN
3497,12.0,11.0,device,NN
3498,12.0,11.0,doe,NN
3499,12.0,11.0,not,RB
3500,12.0,11.0,constitute,VB
3501,12.0,11.0,worked,JJ
3502,12.0,11.0,time,NN
3503,12.0,12.0,if,IN
3504,12.0,12.0,an,DT
3505,12.0,12.0,hourly,JJ
3506,12.0,12.0,employee,NN
3507,12.0,12.0,is,VBZ
3508,12.0,12.0,contacted,VBN
3509,12.0,12.0,he/she,JJ
3510,12.0,12.0,shall,MD
3511,12.0,12.0,only,RB
3512,12.0,12.0,be,VB
3513,12.0,12.0,compensated,VBN
3514,12.0,12.0,according,VBG
3515,12.0,12.0,to,TO
3516,12.0,12.0,the,DT
3517,12.0,12.0,disturbance,NN
3518,12.0,12.0,call,NN
3519,12.0,12.0,article,NN
3520,12.0,12.0,of,IN
3521,12.0,12.0,this,DT
3522,12.0,12.0,mou,NN
3523,13.0,1.0,the,DT
3524,13.0,1.0,following,VBG
3525,13.0,1.0,table,JJ
3526,13.0,1.0,illustrates,NNS
3527,13.0,1.0,on-call/standby,JJ
3528,13.0,1.0,compensation,NN
3529,13.0,1.0,for,IN
3530,13.0,1.0,bargaining,VBG
3531,13.0,1.0,unit,NN
3532,13.0,1.0,member,NN
3533,13.0,1.0,who,WP
3534,13.0,1.0,are,VBP
3535,13.0,1.0,designated,VBN
3536,13.0,1.0,by,IN
3537,13.0,1.0,management,NN
3538,13.0,1.0,to,TO
3539,13.0,1.0,be,VB
3540,13.0,1.0,in,IN
3541,13.0,1.0,an,DT
3542,13.0,1.0,on-call,JJ
3543,13.0,1.0,or,CC
3544,13.0,1.0,standby,JJ
3545,13.0,1.0,status,NN
3546,13.0,1.0,during,IN
3547,13.0,1.0,off-duty,JJ
3548,13.0,1.0,hour,NN
3549,13.0,1.0,for,IN
3550,13.0,1.0,each,DT
3551,13.0,1.0,day,NN
3552,13.0,1.0,so,RB
3553,13.0,1.0,assigned,VBD
3554,13.0,2.0,any,DT
3555,13.0,2.0,unit,NN
3556,13.0,2.0,employee,NN
3557,13.0,2.0,placed,VBN
3558,13.0,2.0,on-call/standby,NN
3559,13.0,2.0,who,WP
3560,13.0,2.0,remotely,RB
3561,13.0,2.0,or,CC
3562,13.0,2.0,off-site,JJ
3563,13.0,2.0,troubleshoots,NNS
3564,13.0,2.0,or,CC
3565,13.0,2.0,participates,NNS
3566,13.0,2.0,in,IN
3567,13.0,2.0,job-related,JJ
3568,13.0,2.0,task,NN
3569,13.0,2.0,shall,MD
3570,13.0,2.0,receive,VB
3571,13.0,2.0,compensation,NN
3572,13.0,2.0,of,IN
3573,13.0,2.0,no,DT
3574,13.0,2.0,le,NN
3575,13.0,2.0,than,IN
3576,13.0,2.0,one,CD
3577,13.0,2.0,hour,NN
3578,13.0,2.0,at,IN
3579,13.0,2.0,the,DT
3580,13.0,2.0,appropriate,JJ
3581,13.0,2.0,hourly,JJ
3582,13.0,2.0,rate,NN
3583,13.0,3.0,if,IN
3584,13.0,3.0,the,DT
3585,13.0,3.0,remote,JJ
3586,13.0,3.0,task,NN
3587,13.0,3.0,exceed,VBP
3588,13.0,3.0,one,CD
3589,13.0,3.0,hour,NN
3590,13.0,3.0,in,IN
3591,13.0,3.0,duration,NN
3592,13.0,3.0,the,DT
3593,13.0,3.0,employee,NN
3594,13.0,3.0,shall,MD
3595,13.0,3.0,be,VB
3596,13.0,3.0,compensated,VBN
3597,13.0,3.0,in,IN
3598,13.0,3.0,six,CD
3599,13.0,3.0,minute,JJ
3600,13.0,3.0,increment,NN
3601,13.0,3.0,at,IN
3602,13.0,3.0,the,DT
3603,13.0,3.0,appropriate,JJ
3604,13.0,3.0,hourly,JJ
3605,13.0,3.0,rate,NN
3606,13.0,4.0,assignment,NN
3607,13.0,4.0,of,IN
3608,13.0,4.0,an,DT
3609,13.0,4.0,electronic,JJ
3610,13.0,4.0,communication,NN
3611,13.0,4.0,device,NN
3612,13.0,4.0,doe,NN
3613,13.0,4.0,not,RB
3614,13.0,4.0,constitute,VB
3615,13.0,4.0,worked,JJ
3616,13.0,4.0,time,NN
3617,13.0,5.0,if,IN
3618,13.0,5.0,an,DT
3619,13.0,5.0,hourly,JJ
3620,13.0,5.0,employee,NN
3621,13.0,5.0,is,VBZ
3622,13.0,5.0,contacted,VBN
3623,13.0,5.0,he/she,JJ
3624,13.0,5.0,shall,MD
3625,13.0,5.0,only,RB
3626,13.0,5.0,be,VB
3627,13.0,5.0,compensated,VBN
3628,13.0,5.0,according,VBG
3629,13.0,5.0,to,TO
3630,13.0,5.0,the,DT
3631,13.0,5.0,on-call/standby,JJ
3632,13.0,5.0,article,NN
3633,13.0,5.0,of,IN
3634,13.0,5.0,the,DT
3635,13.0,5.0,mou,NN
3636,14.0,1.0,section,NN
3637,14.0,1.0,whenever,WRB
3638,14.0,1.0,management,NN
3639,14.0,1.0,assigns,VBZ
3640,14.0,1.0,an,DT
3641,14.0,1.0,employee,NN
3642,14.0,1.0,to,TO
3643,14.0,1.0,perform,VB
3644,14.0,1.0,the,DT
3645,14.0,1.0,full,JJ
3646,14.0,1.0,duty,NN
3647,14.0,1.0,of,IN
3648,14.0,1.0,higher,JJR
3649,14.0,1.0,level,NN
3650,14.0,1.0,supervisory,JJ
3651,14.0,1.0,position,NN
3652,14.0,1.0,in,IN
3653,14.0,1.0,situation,NN
3654,14.0,1.0,where,WRB
3655,14.0,1.0,the,DT
3656,14.0,1.0,incumbent,NN
3657,14.0,1.0,of,IN
3658,14.0,1.0,the,DT
3659,14.0,1.0,higher,JJR
3660,14.0,1.0,level,NN
3661,14.0,1.0,position,NN
3662,14.0,1.0,is,VBZ
3663,14.0,1.0,temporarily,RB
3664,14.0,1.0,absent,JJ
3665,14.0,1.0,such,JJ
3666,14.0,1.0,employee,NN
3667,14.0,1.0,shall,MD
3668,14.0,1.0,become,VB
3669,14.0,1.0,eligible,JJ
3670,14.0,1.0,for,IN
3671,14.0,1.0,additional,JJ
3672,14.0,1.0,compensation,NN
3673,14.0,1.0,upon,IN
3674,14.0,1.0,completion,NN
3675,14.0,1.0,of,IN
3676,14.0,1.0,qualifying,VBG
3677,14.0,1.0,period,NN
3678,14.0,1.0,of,IN
3679,14.0,1.0,15,CD
3680,14.0,1.0,consecutive,JJ
3681,14.0,1.0,working,VBG
3682,14.0,1.0,day,NN
3683,14.0,1.0,in,IN
3684,14.0,1.0,such,JJ
3685,14.0,1.0,assignment,NN
3686,14.0,1.0,at,IN
3687,14.0,1.0,his/her,JJR
3688,14.0,1.0,regular,JJ
3689,14.0,1.0,rate,NN
3690,14.0,1.0,of,IN
3691,14.0,1.0,compensation,NN
3692,14.0,2.0,paid,VBN
3693,14.0,2.0,leave,JJ
3694,14.0,2.0,time,NN
3695,14.0,2.0,taken,VBN
3696,14.0,2.0,during,IN
3697,14.0,2.0,qualifying,VBG
3698,14.0,2.0,period,NN
3699,14.0,2.0,shall,MD
3700,14.0,2.0,extend,VB
3701,14.0,2.0,the,DT
3702,14.0,2.0,15,CD
3703,14.0,2.0,day,NN
3704,14.0,2.0,qualifying,VBG
3705,14.0,2.0,period,NN
3706,14.0,2.0,by,IN
3707,14.0,2.0,the,DT
3708,14.0,2.0,length,NN
3709,14.0,2.0,of,IN
3710,14.0,2.0,the,DT
3711,14.0,2.0,absence,NN
3712,14.0,3.0,all,DT
3713,14.0,3.0,other,JJ
3714,14.0,3.0,absence,NN
3715,14.0,3.0,shall,MD
3716,14.0,3.0,constitute,VB
3717,14.0,3.0,disqualifying,VBG
3718,14.0,3.0,break,NN
3719,14.0,3.0,in,IN
3720,14.0,3.0,the,DT
3721,14.0,3.0,15,CD
3722,14.0,3.0,day,NN
3723,14.0,3.0,qualifying,VBG
3724,14.0,3.0,period,NN
3725,14.0,3.0,requirement,NN
3726,14.0,3.0,necessitating,VBG
3727,14.0,3.0,the,DT
3728,14.0,3.0,initiation,NN
3729,14.0,3.0,and,CC
3730,14.0,3.0,completion,NN
3731,14.0,3.0,of,IN
3732,14.0,3.0,new,JJ
3733,14.0,3.0,qualifying,VBG
3734,14.0,3.0,period,NN
3735,14.0,4.0,pay,NN
3736,14.0,4.0,shall,MD
3737,14.0,4.0,begin,VB
3738,14.0,4.0,on,IN
3739,14.0,4.0,the,DT
3740,14.0,4.0,16th,CD
3741,14.0,4.0,day,NN
3742,14.0,4.0,of,IN
3743,14.0,4.0,the,DT
3744,14.0,4.0,assignment,NN
3745,14.0,5.0,each,DT
3746,14.0,5.0,temporary,JJ
3747,14.0,5.0,supervisory,JJ
3748,14.0,5.0,assignment,NN
3749,14.0,5.0,shall,MD
3750,14.0,5.0,require,VB
3751,14.0,5.0,completion,NN
3752,14.0,5.0,of,IN
3753,14.0,5.0,new,JJ
3754,14.0,5.0,qualifying,VBG
3755,14.0,5.0,period,NN
3756,14.0,5.0,each,DT
3757,14.0,5.0,fiscal,JJ
3758,14.0,5.0,year,NN
3759,14.0,5.0,except,IN
3760,14.0,5.0,when,WRB
3761,14.0,5.0,such,JJ
3762,14.0,5.0,assignment,NN
3763,14.0,5.0,is,VBZ
3764,14.0,5.0,continuous,JJ
3765,14.0,5.0,and,CC
3766,14.0,5.0,in,IN
3767,14.0,5.0,the,DT
3768,14.0,5.0,same,JJ
3769,14.0,5.0,work,NN
3770,14.0,5.0,location,NN
3771,14.0,6.0,whenever,WDT
3772,14.0,6.0,management,NN
3773,14.0,6.0,assigns,VBZ
3774,14.0,6.0,an,DT
3775,14.0,6.0,employee,NN
3776,14.0,6.0,on,IN
3777,14.0,6.0,temporary,JJ
3778,14.0,6.0,basis,NN
3779,14.0,6.0,to,TO
3780,14.0,6.0,perform,VB
3781,14.0,6.0,the,DT
3782,14.0,6.0,full,JJ
3783,14.0,6.0,duty,NN
3784,14.0,6.0,of,IN
3785,14.0,6.0,vacant,JJ
3786,14.0,6.0,higher,JJR
3787,14.0,6.0,level,NN
3788,14.0,6.0,supervisory,JJ
3789,14.0,6.0,position,NN
3790,14.0,6.0,in,IN
3791,14.0,6.0,the,DT
3792,14.0,6.0,same,JJ
3793,14.0,6.0,class,NN
3794,14.0,6.0,series,NN
3795,14.0,6.0,such,JJ
3796,14.0,6.0,employee,NN
3797,14.0,6.0,shall,MD
3798,14.0,6.0,become,VB
3799,14.0,6.0,eligible,JJ
3800,14.0,6.0,for,IN
3801,14.0,6.0,additional,JJ
3802,14.0,6.0,compensation,NN
3803,14.0,6.0,on,IN
3804,14.0,6.0,the,DT
3805,14.0,6.0,first,JJ
3806,14.0,6.0,day,NN
3807,14.0,6.0,of,IN
3808,14.0,6.0,such,JJ
3809,14.0,6.0,assignment,NN
3810,14.0,7.0,section,NN
3811,14.0,7.0,ii,NNS
3812,14.0,7.0,effective,JJ
3813,14.0,7.0,april,NN
3814,14.0,7.0,2016,CD
3815,14.0,7.0,qualifying,VBG
3816,14.0,7.0,employee,NN
3817,14.0,7.0,stated,VBN
3818,14.0,7.0,above,IN
3819,14.0,7.0,shall,MD
3820,14.0,7.0,receive,VB
3821,14.0,7.0,an,DT
3822,14.0,7.0,amount,NN
3823,14.0,7.0,equal,JJ
3824,14.0,7.0,to,TO
3825,14.0,7.0,5.5,CD
3826,14.0,7.0,%,NN
3827,14.0,7.0,of,IN
3828,14.0,7.0,his/her,JJR
3829,14.0,7.0,hourly,JJ
3830,14.0,7.0,base,NN
3831,14.0,7.0,rate,NN
3832,14.0,7.0,in,IN
3833,14.0,7.0,the,DT
3834,14.0,7.0,form,NN
3835,14.0,7.0,of,IN
3836,14.0,7.0,non-pensionable,JJ
3837,14.0,7.0,add,NN
3838,14.0,7.0,to,TO
3839,14.0,7.0,pay,VB
3840,14.0,7.0,bonus,NN
3841,14.0,7.0,paid,VBN
3842,14.0,7.0,for,IN
3843,14.0,7.0,all,DT
3844,14.0,7.0,qualifying,VBG
3845,14.0,7.0,hour,NN
3846,14.0,7.0,worked,VBD
3847,14.0,8.0,section,NN
3848,14.0,8.0,iii,NN
3849,14.0,8.0,management,NN
3850,14.0,8.0,retains,VBZ
3851,14.0,8.0,the,DT
3852,14.0,8.0,right,NN
3853,14.0,8.0,to,TO
3854,14.0,8.0,determine,VB
3855,14.0,8.0,whether,IN
3856,14.0,8.0,position,NN
3857,14.0,8.0,is,VBZ
3858,14.0,8.0,vacant,JJ
3859,14.0,8.0,or,CC
3860,14.0,8.0,to,TO
3861,14.0,8.0,be,VB
3862,14.0,8.0,filled,VBN
3863,14.0,8.0,due,JJ
3864,14.0,8.0,to,TO
3865,14.0,8.0,temporary,JJ
3866,14.0,8.0,absence,NN
3867,15.0,1.0,effective,JJ
3868,15.0,1.0,april,NN
3869,15.0,1.0,2016,CD
3870,15.0,1.0,unit,NN
3871,15.0,1.0,member,NN
3872,15.0,1.0,shall,MD
3873,15.0,1.0,be,VB
3874,15.0,1.0,eligible,JJ
3875,15.0,1.0,for,IN
3876,15.0,1.0,pensionable,JJ
3877,15.0,1.0,add,NNS
3878,15.0,1.0,to,TO
3879,15.0,1.0,rate,NN
3880,15.0,1.0,supervisory,JJ
3881,15.0,1.0,differential,JJ
3882,15.0,1.0,whereby,WRB
3883,15.0,1.0,the,DT
3884,15.0,1.0,unit,NN
3885,15.0,1.0,member,NN
3886,15.0,1.0,who,WP
3887,15.0,1.0,supervises,VBZ
3888,15.0,1.0,another,DT
3889,15.0,1.0,employee,NN
3890,15.0,1.0,is,VBZ
3891,15.0,1.0,reassigned,VBN
3892,15.0,1.0,to,TO
3893,15.0,1.0,salary,VB
3894,15.0,1.0,range,NN
3895,15.0,1.0,where,WRB
3896,15.0,1.0,the,DT
3897,15.0,1.0,first,JJ
3898,15.0,1.0,step,NN
3899,15.0,1.0,of,IN
3900,15.0,1.0,the,DT
3901,15.0,1.0,range,NN
3902,15.0,1.0,is,VBZ
3903,15.0,1.0,5.5,CD
3904,15.0,1.0,%,NN
3905,15.0,1.0,greater,JJR
3906,15.0,1.0,than,IN
3907,15.0,1.0,the,DT
3908,15.0,1.0,first,JJ
3909,15.0,1.0,step,NN
3910,15.0,1.0,of,IN
3911,15.0,1.0,the,DT
3912,15.0,1.0,subordinate,NN
3913,15.0,1.0,salary,JJ
3914,15.0,1.0,range,NN
3915,15.0,1.0,and,CC
3916,15.0,1.0,in,IN
3917,15.0,1.0,which,WDT
3918,15.0,1.0,case,NN
3919,15.0,1.0,the,DT
3920,15.0,1.0,supervising,VBG
3921,15.0,1.0,employee,NN
3922,15.0,1.0,remains,NNS
3923,15.0,1.0,on,IN
3924,15.0,1.0,their,PRP$
3925,15.0,1.0,assigned,VBN
3926,15.0,1.0,salary,JJ
3927,15.0,1.0,step,NN
3928,15.0,1.0,when,WRB
3929,15.0,1.0,all,DT
3930,15.0,1.0,of,IN
3931,15.0,1.0,the,DT
3932,15.0,1.0,following,JJ
3933,15.0,1.0,condition,NN
3934,15.0,1.0,apply,VB
3935,15.0,1.0,the,DT
3936,15.0,1.0,unit,NN
3937,15.0,1.0,member,NN
3938,15.0,1.0,is,VBZ
3939,15.0,1.0,required,VBN
3940,15.0,1.0,to,TO
3941,15.0,1.0,supervise,VB
3942,15.0,1.0,one,CD
3943,15.0,1.0,or,CC
3944,15.0,1.0,more,JJR
3945,15.0,1.0,civilian,JJ
3946,15.0,1.0,employee,NN
3947,15.0,2.0,supervision,NN
3948,15.0,2.0,of,IN
3949,15.0,2.0,sworn,VBN
3950,15.0,2.0,employee,NN
3951,15.0,2.0,shall,MD
3952,15.0,2.0,not,RB
3953,15.0,2.0,be,VB
3954,15.0,2.0,considered,VBN
3955,15.0,2.0,in,IN
3956,15.0,2.0,determining,VBG
3957,15.0,2.0,supervisory,JJ
3958,15.0,2.0,differential,NN
3959,15.0,3.0,the,DT
3960,15.0,3.0,supervisor,NN
3961,15.0,3.0,and,CC
3962,15.0,3.0,highest,JJS
3963,15.0,3.0,paid,VBN
3964,15.0,3.0,subordinate,NN
3965,15.0,3.0,salary,NN
3966,15.0,3.0,are,VBP
3967,15.0,3.0,set,VBN
3968,15.0,3.0,by,IN
3969,15.0,3.0,salary,JJ
3970,15.0,3.0,range,NN
3971,15.0,3.0,rather,RB
3972,15.0,3.0,than,IN
3973,15.0,3.0,flat,JJ
3974,15.0,3.0,amount,NN
3975,15.0,4.0,the,DT
3976,15.0,4.0,difference,NN
3977,15.0,4.0,between,IN
3978,15.0,4.0,the,DT
3979,15.0,4.0,top,JJ
3980,15.0,4.0,step,NN
3981,15.0,4.0,of,IN
3982,15.0,4.0,the,DT
3983,15.0,4.0,subordinate,NN
3984,15.0,4.0,and,CC
3985,15.0,4.0,supervisor,NN
3986,15.0,4.0,salary,JJ
3987,15.0,4.0,range,NN
3988,15.0,4.0,is,VBZ
3989,15.0,4.0,le,JJR
3990,15.0,4.0,than,IN
3991,15.0,4.0,5.5,CD
3992,15.0,4.0,%,NN
3993,15.0,4.0,the,DT
3994,15.0,4.0,employee,NN
3995,15.0,4.0,required,VBN
3996,15.0,4.0,to,TO
3997,15.0,4.0,supervise,VB
3998,15.0,4.0,is,VBZ
3999,15.0,4.0,assigned,VBN
4000,15.0,4.0,to,TO
4001,15.0,4.0,bona,VB
4002,15.0,4.0,fide,RB
4003,15.0,4.0,supervisory,JJ
4004,15.0,4.0,position,NN
4005,15.0,4.0,meaning,VBG
4006,15.0,4.0,full-time,JJ
4007,15.0,4.0,regularly,RB
4008,15.0,4.0,assigned,VBN
4009,15.0,4.0,supervisor,NN
4010,15.0,4.0,with,IN
4011,15.0,4.0,full,JJ
4012,15.0,4.0,administrative,JJ
4013,15.0,4.0,and,CC
4014,15.0,4.0,technical,JJ
4015,15.0,4.0,authority,NN
4016,15.0,4.0,to,TO
4017,15.0,4.0,assign,VB
4018,15.0,4.0,review,NN
4019,15.0,4.0,and,CC
4020,15.0,4.0,approve,VB
4021,15.0,4.0,work,NN
4022,15.0,4.0,of,IN
4023,15.0,4.0,his,PRP$
4024,15.0,4.0,or,CC
4025,15.0,4.0,her,PRP$
4026,15.0,4.0,subordinate,JJ
4027,15.0,4.0,excluding,NN
4028,15.0,4.0,either,CC
4029,15.0,4.0,the,DT
4030,15.0,4.0,general,JJ
4031,15.0,4.0,manager,NN
4032,15.0,4.0,of,IN
4033,15.0,4.0,any,DT
4034,15.0,4.0,department,NN
4035,15.0,4.0,bureau,NN
4036,15.0,4.0,or,CC
4037,15.0,4.0,office,NN
4038,15.0,4.0,of,IN
4039,15.0,4.0,the,DT
4040,15.0,4.0,city,NN
4041,15.0,4.0,or,CC
4042,15.0,4.0,his/her,NN
4043,15.0,4.0,chief,NN
4044,15.0,4.0,assistant,NN
4045,15.0,5.0,in,IN
4046,15.0,5.0,the,DT
4047,15.0,5.0,case,NN
4048,15.0,5.0,where,WRB
4049,15.0,5.0,the,DT
4050,15.0,5.0,civil,JJ
4051,15.0,5.0,service,NN
4052,15.0,5.0,class,NN
4053,15.0,5.0,title,NN
4054,15.0,5.0,of,IN
4055,15.0,5.0,the,DT
4056,15.0,5.0,chief,NN
4057,15.0,5.0,assistant,NN
4058,15.0,5.0,is,VBZ
4059,15.0,5.0,not,RB
4060,15.0,5.0,representative,JJ
4061,15.0,5.0,of,IN
4062,15.0,5.0,his/her,JJ
4063,15.0,5.0,assignment,NN
4064,15.0,5.0,the,DT
4065,15.0,5.0,cao,NN
4066,15.0,5.0,or,CC
4067,15.0,5.0,his/her,PRP$
4068,15.0,5.0,designee,NN
4069,15.0,5.0,may,MD
4070,15.0,5.0,consider,VB
4071,15.0,5.0,working,VBG
4072,15.0,5.0,title,NN
4073,15.0,5.0,and,CC
4074,15.0,5.0,table,NN
4075,15.0,5.0,of,IN
4076,15.0,5.0,organization,NN
4077,15.0,5.0,to,TO
4078,15.0,5.0,determine,VB
4079,15.0,5.0,whether,IN
4080,15.0,5.0,an,DT
4081,15.0,5.0,employee,NN
4082,15.0,5.0,is,VBZ
4083,15.0,5.0,chief,JJ
4084,15.0,5.0,assistant,NN
